date,food_id,food_name,category,quantity_sold,day_of_week,day_of_month,month,week_of_year,is_weekend,rolling_7_day,rolling_14_day
2025-08-01,1,Rice,Cooked Food,47,4,1,8,31,0,47.0,47.0
2025-08-02,1,Rice,Cooked Food,52,5,2,8,31,1,49.5,49.5
2025-08-03,1,Rice,Cooked Food,55,6,3,8,31,1,51.333333333333336,51.333333333333336
2025-08-04,1,Rice,Cooked Food,58,0,4,8,32,0,53.0,53.0
2025-08-05,1,Rice,Cooked Food,45,1,5,8,32,0,51.4,51.4
2025-08-06,1,Rice,Cooked Food,48,2,6,8,32,0,50.833333333333336,50.833333333333336
2025-08-07,1,Rice,Cooked Food,47,3,7,8,32,0,50.285714285714285,50.285714285714285
2025-08-08,1,Rice,Cooked Food,39,4,8,8,32,0,49.142857142857146,48.875
2025-08-09,1,Rice,Cooked Food,61,5,9,8,32,1,50.42857142857143,50.22222222222222
2025-08-10,1,Rice,Cooked Food,71,6,10,8,32,1,52.714285714285715,52.3
2025-08-11,1,Rice,Cooked Food,50,0,11,8,33,0,51.57142857142857,52.09090909090909
2025-08-12,1,Rice,Cooked Food,37,1,12,8,33,0,50.42857142857143,50.833333333333336
2025-08-13,1,Rice,Cooked Food,53,2,13,8,33,0,51.142857142857146,51.0
2025-08-14,1,Rice,Cooked Food,40,3,14,8,33,0,50.142857142857146,50.214285714285715
2025-08-15,1,Rice,Cooked Food,45,4,15,8,33,0,51.0,50.07142857142857
2025-08-16,1,Rice,Cooked Food,59,5,16,8,33,1,50.714285714285715,50.57142857142857
2025-08-17,1,Rice,Cooked Food,71,6,17,8,33,1,50.714285714285715,51.714285714285715
2025-08-18,1,Rice,Cooked Food,40,0,18,8,34,0,49.285714285714285,50.42857142857143
2025-08-19,1,Rice,Cooked Food,43,1,19,8,34,0,50.142857142857146,50.285714285714285
2025-08-20,1,Rice,Cooked Food,43,2,20,8,34,0,48.714285714285715,49.92857142857143
2025-08-21,1,Rice,Cooked Food,37,3,21,8,34,0,48.285714285714285,49.214285714285715
2025-08-22,1,Rice,Cooked Food,39,4,22,8,34,0,47.42857142857143,49.214285714285715
2025-08-23,1,Rice,Cooked Food,45,5,23,8,34,1,45.42857142857143,48.07142857142857
2025-08-24,1,Rice,Cooked Food,59,6,24,8,34,1,43.714285714285715,47.214285714285715
2025-08-25,1,Rice,Cooked Food,44,0,25,8,35,0,44.285714285714285,46.785714285714285
2025-08-26,1,Rice,Cooked Food,53,1,26,8,35,0,45.714285714285715,47.92857142857143
2025-08-27,1,Rice,Cooked Food,42,2,27,8,35,0,45.57142857142857,47.142857142857146
2025-08-28,1,Rice,Cooked Food,46,3,28,8,35,0,46.857142857142854,47.57142857142857
2025-08-29,1,Rice,Cooked Food,37,4,29,8,35,0,46.57142857142857,47.0
2025-08-30,1,Rice,Cooked Food,56,5,30,8,35,1,48.142857142857146,46.785714285714285
2025-08-31,1,Rice,Cooked Food,60,6,31,8,35,1,48.285714285714285,46.0
2025-09-01,1,Rice,Cooked Food,52,0,1,9,36,0,49.42857142857143,46.857142857142854
2025-09-02,1,Rice,Cooked Food,37,1,2,9,36,0,47.142857142857146,46.42857142857143
2025-09-03,1,Rice,Cooked Food,51,2,3,9,36,0,48.42857142857143,47.0
2025-09-04,1,Rice,Cooked Food,47,3,4,9,36,0,48.57142857142857,47.714285714285715
2025-09-05,1,Rice,Cooked Food,48,4,5,9,36,0,50.142857142857146,48.357142857142854
2025-09-06,1,Rice,Cooked Food,52,5,6,9,36,1,49.57142857142857,48.857142857142854
2025-09-07,1,Rice,Cooked Food,60,6,7,9,36,1,49.57142857142857,48.92857142857143
2025-09-08,1,Rice,Cooked Food,42,0,8,9,37,0,48.142857142857146,48.785714285714285
2025-09-09,1,Rice,Cooked Food,40,1,9,9,37,0,48.57142857142857,47.857142857142854
2025-09-10,1,Rice,Cooked Food,51,2,10,9,37,0,48.57142857142857,48.5
2025-09-11,1,Rice,Cooked Food,50,3,11,9,37,0,49.0,48.785714285714285
2025-09-12,1,Rice,Cooked Food,40,4,12,9,37,0,47.857142857142854,49.0
2025-09-13,1,Rice,Cooked Food,50,5,13,9,37,1,47.57142857142857,48.57142857142857
2025-09-14,1,Rice,Cooked Food,73,6,14,9,37,1,49.42857142857143,49.5
2025-09-15,1,Rice,Cooked Food,54,0,15,9,38,0,51.142857142857146,49.642857142857146
2025-09-16,1,Rice,Cooked Food,36,1,16,9,38,0,50.57142857142857,49.57142857142857
2025-09-17,1,Rice,Cooked Food,47,2,17,9,38,0,50.0,49.285714285714285
2025-09-18,1,Rice,Cooked Food,43,3,18,9,38,0,49.0,49.0
2025-09-19,1,Rice,Cooked Food,41,4,19,9,38,0,49.142857142857146,48.5
2025-09-20,1,Rice,Cooked Food,52,5,20,9,38,1,49.42857142857143,48.5
2025-09-21,1,Rice,Cooked Food,65,6,21,9,38,1,48.285714285714285,48.857142857142854
2025-09-22,1,Rice,Cooked Food,44,0,22,9,39,0,46.857142857142854,49.0
2025-09-23,1,Rice,Cooked Food,44,1,23,9,39,0,48.0,49.285714285714285
2025-09-24,1,Rice,Cooked Food,39,2,24,9,39,0,46.857142857142854,48.42857142857143
2025-09-25,1,Rice,Cooked Food,48,3,25,9,39,0,47.57142857142857,48.285714285714285
2025-09-26,1,Rice,Cooked Food,50,4,26,9,39,0,48.857142857142854,49.0
2025-09-27,1,Rice,Cooked Food,59,5,27,9,39,1,49.857142857142854,49.642857142857146
2025-09-28,1,Rice,Cooked Food,63,6,28,9,39,1,49.57142857142857,48.92857142857143
2025-09-29,1,Rice,Cooked Food,47,0,29,9,40,0,50.0,48.42857142857143
2025-09-30,1,Rice,Cooked Food,42,1,30,9,40,0,49.714285714285715,48.857142857142854
2025-10-01,1,Rice,Cooked Food,45,2,1,10,40,0,50.57142857142857,48.714285714285715
2025-10-02,1,Rice,Cooked Food,43,3,2,10,40,0,49.857142857142854,48.714285714285715
2025-10-03,1,Rice,Cooked Food,36,4,3,10,40,0,47.857142857142854,48.357142857142854
2025-10-04,1,Rice,Cooked Food,59,5,4,10,40,1,47.857142857142854,48.857142857142854
2025-10-05,1,Rice,Cooked Food,74,6,5,10,40,1,49.42857142857143,49.5
2025-10-06,1,Rice,Cooked Food,40,0,6,10,41,0,48.42857142857143,49.214285714285715
2025-10-07,1,Rice,Cooked Food,39,1,7,10,41,0,48.0,48.857142857142854
2025-10-08,1,Rice,Cooked Food,41,2,8,10,41,0,47.42857142857143,49.0
2025-10-09,1,Rice,Cooked Food,37,3,9,10,41,0,46.57142857142857,48.214285714285715
2025-10-10,1,Rice,Cooked Food,43,4,10,10,41,0,47.57142857142857,47.714285714285715
2025-10-11,1,Rice,Cooked Food,56,5,11,10,41,1,47.142857142857146,47.5
2025-10-12,1,Rice,Cooked Food,63,6,12,10,41,1,45.57142857142857,47.5
2025-10-13,1,Rice,Cooked Food,57,0,13,10,42,0,48.0,48.214285714285715
2025-10-14,1,Rice,Cooked Food,39,1,14,10,42,0,48.0,48.0
2025-10-15,1,Rice,Cooked Food,37,2,15,10,42,0,47.42857142857143,47.42857142857143
2025-10-16,1,Rice,Cooked Food,37,3,16,10,42,0,47.42857142857143,47.0
2025-10-17,1,Rice,Cooked Food,49,4,17,10,42,0,48.285714285714285,47.92857142857143
2025-10-18,1,Rice,Cooked Food,54,5,18,10,42,1,48.0,47.57142857142857
2025-10-19,1,Rice,Cooked Food,56,6,19,10,42,1,47.0,46.285714285714285
2025-10-20,1,Rice,Cooked Food,58,0,20,10,43,0,47.142857142857146,47.57142857142857
2025-10-21,1,Rice,Cooked Food,44,1,21,10,43,0,47.857142857142854,47.92857142857143
2025-10-22,1,Rice,Cooked Food,37,2,22,10,43,0,47.857142857142854,47.642857142857146
2025-10-23,1,Rice,Cooked Food,49,3,23,10,43,0,49.57142857142857,48.5
2025-10-24,1,Rice,Cooked Food,53,4,24,10,43,0,50.142857142857146,49.214285714285715
2025-10-25,1,Rice,Cooked Food,57,5,25,10,43,1,50.57142857142857,49.285714285714285
2025-10-26,1,Rice,Cooked Food,55,6,26,10,43,1,50.42857142857143,48.714285714285715
2025-10-27,1,Rice,Cooked Food,52,0,27,10,44,0,49.57142857142857,48.357142857142854
2025-10-28,1,Rice,Cooked Food,38,1,28,10,44,0,48.714285714285715,48.285714285714285
2025-10-29,1,Rice,Cooked Food,52,2,29,10,44,0,50.857142857142854,49.357142857142854
2025-10-30,1,Rice,Cooked Food,37,3,30,10,44,0,49.142857142857146,49.357142857142854
2025-10-31,1,Rice,Cooked Food,36,4,31,10,44,0,46.714285714285715,48.42857142857143
2025-11-01,1,Rice,Cooked Food,53,5,1,11,44,1,46.142857142857146,48.357142857142854
2025-11-02,1,Rice,Cooked Food,56,6,2,11,44,1,46.285714285714285,48.357142857142854
2025-11-03,1,Rice,Cooked Food,47,0,3,11,45,0,45.57142857142857,47.57142857142857
2025-11-04,1,Rice,Cooked Food,49,1,4,11,45,0,47.142857142857146,47.92857142857143
2025-11-05,1,Rice,Cooked Food,38,2,5,11,45,0,45.142857142857146,48.0
2025-11-06,1,Rice,Cooked Food,53,3,6,11,45,0,47.42857142857143,48.285714285714285
2025-11-07,1,Rice,Cooked Food,40,4,7,11,45,0,48.0,47.357142857142854
2025-11-08,1,Rice,Cooked Food,62,5,8,11,45,1,49.285714285714285,47.714285714285715
2025-11-09,1,Rice,Cooked Food,56,6,9,11,45,1,49.285714285714285,47.785714285714285
2025-11-10,1,Rice,Cooked Food,50,0,10,11,46,0,49.714285714285715,47.642857142857146
2025-11-11,1,Rice,Cooked Food,49,1,11,11,46,0,49.714285714285715,48.42857142857143
2025-11-12,1,Rice,Cooked Food,53,2,12,11,46,0,51.857142857142854,48.5
2025-11-13,1,Rice,Cooked Food,45,3,13,11,46,0,50.714285714285715,49.07142857142857
2025-11-14,1,Rice,Cooked Food,42,4,14,11,46,0,51.0,49.5
2025-11-15,1,Rice,Cooked Food,58,5,15,11,46,1,50.42857142857143,49.857142857142854
2025-11-16,1,Rice,Cooked Food,68,6,16,11,46,1,52.142857142857146,50.714285714285715
2025-11-17,1,Rice,Cooked Food,40,0,17,11,47,0,50.714285714285715,50.214285714285715
2025-11-18,1,Rice,Cooked Food,39,1,18,11,47,0,49.285714285714285,49.5
2025-11-19,1,Rice,Cooked Food,40,2,19,11,47,0,47.42857142857143,49.642857142857146
2025-11-20,1,Rice,Cooked Food,42,3,20,11,47,0,47.0,48.857142857142854
2025-11-21,1,Rice,Cooked Food,44,4,21,11,47,0,47.285714285714285,49.142857142857146
2025-11-22,1,Rice,Cooked Food,49,5,22,11,47,1,46.0,48.214285714285715
2025-11-23,1,Rice,Cooked Food,56,6,23,11,47,1,44.285714285714285,48.214285714285715
2025-11-24,1,Rice,Cooked Food,52,0,24,11,48,0,46.0,48.357142857142854
2025-11-25,1,Rice,Cooked Food,49,1,25,11,48,0,47.42857142857143,48.357142857142854
2025-11-26,1,Rice,Cooked Food,45,2,26,11,48,0,48.142857142857146,47.785714285714285
2025-11-27,1,Rice,Cooked Food,42,3,27,11,48,0,48.142857142857146,47.57142857142857
2025-11-28,1,Rice,Cooked Food,53,4,28,11,48,0,49.42857142857143,48.357142857142854
2025-11-29,1,Rice,Cooked Food,57,5,29,11,48,1,50.57142857142857,48.285714285714285
2025-11-30,1,Rice,Cooked Food,63,6,30,11,48,1,51.57142857142857,47.92857142857143
2025-12-01,1,Rice,Cooked Food,42,0,1,12,49,0,50.142857142857146,48.07142857142857
2025-12-02,1,Rice,Cooked Food,48,1,2,12,49,0,50.0,48.714285714285715
2025-12-03,1,Rice,Cooked Food,44,2,3,12,49,0,49.857142857142854,49.0
2025-12-04,1,Rice,Cooked Food,37,3,4,12,49,0,49.142857142857146,48.642857142857146
2025-12-05,1,Rice,Cooked Food,51,4,5,12,49,0,48.857142857142854,49.142857142857146
2025-12-06,1,Rice,Cooked Food,45,5,6,12,49,1,47.142857142857146,48.857142857142854
2025-12-07,1,Rice,Cooked Food,53,6,7,12,49,1,45.714285714285715,48.642857142857146
2025-12-08,1,Rice,Cooked Food,52,0,8,12,50,0,47.142857142857146,48.642857142857146
2025-12-09,1,Rice,Cooked Food,49,1,9,12,50,0,47.285714285714285,48.642857142857146
2025-12-10,1,Rice,Cooked Food,53,2,10,12,50,0,48.57142857142857,49.214285714285715
2025-12-11,1,Rice,Cooked Food,44,3,11,12,50,0,49.57142857142857,49.357142857142854
2025-12-12,1,Rice,Cooked Food,37,4,12,12,50,0,47.57142857142857,48.214285714285715
2025-12-13,1,Rice,Cooked Food,56,5,13,12,50,1,49.142857142857146,48.142857142857146
2025-12-14,1,Rice,Cooked Food,60,6,14,12,50,1,50.142857142857146,47.92857142857143
2025-12-15,1,Rice,Cooked Food,47,0,15,12,51,0,49.42857142857143,48.285714285714285
2025-12-16,1,Rice,Cooked Food,50,1,16,12,51,0,49.57142857142857,48.42857142857143
2025-12-17,1,Rice,Cooked Food,49,2,17,12,51,0,49.0,48.785714285714285
2025-12-18,1,Rice,Cooked Food,47,3,18,12,51,0,49.42857142857143,49.5
2025-12-19,1,Rice,Cooked Food,51,4,19,12,51,0,51.42857142857143,49.5
2025-12-20,1,Rice,Cooked Food,48,5,20,12,51,1,50.285714285714285,49.714285714285715
2025-12-21,1,Rice,Cooked Food,59,6,21,12,51,1,50.142857142857146,50.142857142857146
2025-12-22,1,Rice,Cooked Food,46,0,22,12,52,0,50.0,49.714285714285715
2025-12-23,1,Rice,Cooked Food,48,1,23,12,52,0,49.714285714285715,49.642857142857146
2025-12-24,1,Rice,Cooked Food,43,2,24,12,52,0,48.857142857142854,48.92857142857143
2025-12-25,1,Rice,Cooked Food,36,3,25,12,52,0,47.285714285714285,48.357142857142854
2025-12-26,1,Rice,Cooked Food,39,4,26,12,52,0,45.57142857142857,48.5
2025-12-27,1,Rice,Cooked Food,44,5,27,12,52,1,45.0,47.642857142857146
2025-12-28,1,Rice,Cooked Food,52,6,28,12,52,1,44.0,47.07142857142857
2025-12-29,1,Rice,Cooked Food,56,0,29,12,1,0,45.42857142857143,47.714285714285715
2025-12-30,1,Rice,Cooked Food,39,1,30,12,1,0,44.142857142857146,46.92857142857143
2025-12-31,1,Rice,Cooked Food,50,2,31,12,1,0,45.142857142857146,47.0
2026-01-01,1,Rice,Cooked Food,49,3,1,1,1,0,47.0,47.142857142857146
2026-01-02,1,Rice,Cooked Food,47,4,2,1,1,0,48.142857142857146,46.857142857142854
2026-01-03,1,Rice,Cooked Food,44,5,3,1,1,1,48.142857142857146,46.57142857142857
2026-01-04,1,Rice,Cooked Food,70,6,4,1,1,1,50.714285714285715,47.357142857142854
2026-01-05,1,Rice,Cooked Food,55,0,5,1,2,0,50.57142857142857,48.0
2026-01-06,1,Rice,Cooked Food,42,1,6,1,2,0,51.0,47.57142857142857
2026-01-07,1,Rice,Cooked Food,38,2,7,1,2,0,49.285714285714285,47.214285714285715
2026-01-08,1,Rice,Cooked Food,37,3,8,1,2,0,47.57142857142857,47.285714285714285
2026-01-09,1,Rice,Cooked Food,42,4,9,1,2,0,46.857142857142854,47.5
2026-01-10,1,Rice,Cooked Food,63,5,10,1,2,1,49.57142857142857,48.857142857142854
2026-01-11,1,Rice,Cooked Food,66,6,11,1,2,1,49.0,49.857142857142854
2026-01-12,1,Rice,Cooked Food,58,0,12,1,3,0,49.42857142857143,50.0
2026-01-13,1,Rice,Cooked Food,51,1,13,1,3,0,50.714285714285715,50.857142857142854
2026-01-14,1,Rice,Cooked Food,50,2,14,1,3,0,52.42857142857143,50.857142857142854
2026-01-15,1,Rice,Cooked Food,43,3,15,1,3,0,53.285714285714285,50.42857142857143
2026-01-16,1,Rice,Cooked Food,51,4,16,1,3,0,54.57142857142857,50.714285714285715
2026-01-17,1,Rice,Cooked Food,64,5,17,1,3,1,54.714285714285715,52.142857142857146
2026-01-18,1,Rice,Cooked Food,52,6,18,1,3,1,52.714285714285715,50.857142857142854
2026-01-19,1,Rice,Cooked Food,48,0,19,1,4,0,51.285714285714285,50.357142857142854
2026-01-20,1,Rice,Cooked Food,40,1,20,1,4,0,49.714285714285715,50.214285714285715
2026-01-21,1,Rice,Cooked Food,38,2,21,1,4,0,48.0,50.214285714285715
2026-01-22,1,Rice,Cooked Food,37,3,22,1,4,0,47.142857142857146,50.214285714285715
2026-01-23,1,Rice,Cooked Food,41,4,23,1,4,0,45.714285714285715,50.142857142857146
2026-01-24,1,Rice,Cooked Food,43,5,24,1,4,1,42.714285714285715,48.714285714285715
2026-01-25,1,Rice,Cooked Food,66,6,25,1,4,1,44.714285714285715,48.714285714285715
2026-01-26,1,Rice,Cooked Food,47,0,26,1,5,0,44.57142857142857,47.92857142857143
2026-01-27,1,Rice,Cooked Food,49,1,27,1,5,0,45.857142857142854,47.785714285714285
2026-01-28,1,Rice,Cooked Food,39,2,28,1,5,0,46.0,47.0
2026-01-29,1,Rice,Cooked Food,44,3,29,1,5,0,47.0,47.07142857142857
2026-01-30,1,Rice,Cooked Food,45,4,30,1,5,0,47.57142857142857,46.642857142857146
2026-01-31,1,Rice,Cooked Food,45,5,31,1,5,1,47.857142857142854,45.285714285714285
2026-02-01,1,Rice,Cooked Food,62,6,1,2,5,1,47.285714285714285,46.0
2026-02-02,1,Rice,Cooked Food,50,0,2,2,6,0,47.714285714285715,46.142857142857146
2026-02-03,1,Rice,Cooked Food,42,1,3,2,6,0,46.714285714285715,46.285714285714285
2026-02-04,1,Rice,Cooked Food,37,2,4,2,6,0,46.42857142857143,46.214285714285715
2026-02-05,1,Rice,Cooked Food,50,3,5,2,6,0,47.285714285714285,47.142857142857146
2026-02-06,1,Rice,Cooked Food,48,4,6,2,6,0,47.714285714285715,47.642857142857146
2026-02-07,1,Rice,Cooked Food,48,5,7,2,6,1,48.142857142857146,48.0
2026-02-08,1,Rice,Cooked Food,60,6,8,2,6,1,47.857142857142854,47.57142857142857
2026-02-09,1,Rice,Cooked Food,57,0,9,2,7,0,48.857142857142854,48.285714285714285
2026-02-10,1,Rice,Cooked Food,45,1,10,2,7,0,49.285714285714285,48.0
2026-02-11,1,Rice,Cooked Food,38,2,11,2,7,0,49.42857142857143,47.92857142857143
2026-02-12,1,Rice,Cooked Food,45,3,12,2,7,0,48.714285714285715,48.0
2026-02-13,1,Rice,Cooked Food,50,4,13,2,7,0,49.0,48.357142857142854
2026-02-14,1,Rice,Cooked Food,60,5,14,2,7,1,50.714285714285715,49.42857142857143
2026-02-15,1,Rice,Cooked Food,53,6,15,2,7,1,49.714285714285715,48.785714285714285
2026-02-16,1,Rice,Cooked Food,44,0,16,2,8,0,47.857142857142854,48.357142857142854
2026-02-17,1,Rice,Cooked Food,52,1,17,2,8,0,48.857142857142854,49.07142857142857
2026-02-18,1,Rice,Cooked Food,36,2,18,2,8,0,48.57142857142857,49.0
2026-02-19,1,Rice,Cooked Food,44,3,19,2,8,0,48.42857142857143,48.57142857142857
2026-02-20,1,Rice,Cooked Food,37,4,20,2,8,0,46.57142857142857,47.785714285714285
2026-02-21,1,Rice,Cooked Food,59,5,21,2,8,1,46.42857142857143,48.57142857142857
2026-02-22,1,Rice,Cooked Food,56,6,22,2,8,1,46.857142857142854,48.285714285714285
2026-02-23,1,Rice,Cooked Food,42,0,23,2,9,0,46.57142857142857,47.214285714285715
2026-02-24,1,Rice,Cooked Food,41,1,24,2,9,0,45.0,46.92857142857143
2026-02-25,1,Rice,Cooked Food,44,2,25,2,9,0,46.142857142857146,47.357142857142854
2026-02-26,1,Rice,Cooked Food,49,3,26,2,9,0,46.857142857142854,47.642857142857146
2026-02-27,1,Rice,Cooked Food,45,4,27,2,9,0,48.0,47.285714285714285
2026-02-28,1,Rice,Cooked Food,60,5,28,2,9,1,48.142857142857146,47.285714285714285
2026-03-01,1,Rice,Cooked Food,53,6,1,3,9,1,47.714285714285715,47.285714285714285
2026-03-02,1,Rice,Cooked Food,42,0,2,3,10,0,47.714285714285715,47.142857142857146
2026-03-03,1,Rice,Cooked Food,41,1,3,3,10,0,47.714285714285715,46.357142857142854
2026-03-04,1,Rice,Cooked Food,48,2,4,3,10,0,48.285714285714285,47.214285714285715
2026-03-05,1,Rice,Cooked Food,46,3,5,3,10,0,47.857142857142854,47.357142857142854
2026-03-06,1,Rice,Cooked Food,53,4,6,3,10,0,49.0,48.5
2026-03-07,1,Rice,Cooked Food,63,5,7,3,10,1,49.42857142857143,48.785714285714285
2026-03-08,1,Rice,Cooked Food,62,6,8,3,10,1,50.714285714285715,49.214285714285715
2026-03-09,1,Rice,Cooked Food,52,0,9,3,11,0,52.142857142857146,49.92857142857143
2026-03-10,1,Rice,Cooked Food,41,1,10,3,11,0,52.142857142857146,49.92857142857143
2026-03-11,1,Rice,Cooked Food,40,2,11,3,11,0,51.0,49.642857142857146
2026-03-12,1,Rice,Cooked Food,41,3,12,3,11,0,50.285714285714285,49.07142857142857
2026-03-13,1,Rice,Cooked Food,45,4,13,3,11,0,49.142857142857146,49.07142857142857
2026-03-14,1,Rice,Cooked Food,54,5,14,3,11,1,47.857142857142854,48.642857142857146
2026-03-15,1,Rice,Cooked Food,63,6,15,3,11,1,48.0,49.357142857142854
2026-03-16,1,Rice,Cooked Food,45,0,16,3,12,0,47.0,49.57142857142857
2026-03-17,1,Rice,Cooked Food,52,1,17,3,12,0,48.57142857142857,50.357142857142854
2026-03-18,1,Rice,Cooked Food,52,2,18,3,12,0,50.285714285714285,50.642857142857146
2026-03-19,1,Rice,Cooked Food,41,3,19,3,12,0,50.285714285714285,50.285714285714285
2026-03-20,1,Rice,Cooked Food,38,4,20,3,12,0,49.285714285714285,49.214285714285715
2026-03-21,1,Rice,Cooked Food,59,5,21,3,12,1,50.0,48.92857142857143
2026-03-22,1,Rice,Cooked Food,54,6,22,3,12,1,48.714285714285715,48.357142857142854
2026-03-23,1,Rice,Cooked Food,45,0,23,3,13,0,48.714285714285715,47.857142857142854
2026-03-24,1,Rice,Cooked Food,43,1,24,3,13,0,47.42857142857143,48.0
2026-03-25,1,Rice,Cooked Food,47,2,25,3,13,0,46.714285714285715,48.5
2026-03-26,1,Rice,Cooked Food,44,3,26,3,13,0,47.142857142857146,48.714285714285715
2026-03-27,1,Rice,Cooked Food,44,4,27,3,13,0,48.0,48.642857142857146
2026-03-28,1,Rice,Cooked Food,46,5,28,3,13,1,46.142857142857146,48.07142857142857
2026-03-29,1,Rice,Cooked Food,69,6,29,3,13,1,48.285714285714285,48.5
2026-03-30,1,Rice,Cooked Food,47,0,30,3,14,0,48.57142857142857,48.642857142857146
2026-03-31,1,Rice,Cooked Food,52,1,31,3,14,0,49.857142857142854,48.642857142857146
2026-04-01,1,Rice,Cooked Food,47,2,1,4,14,0,49.857142857142854,48.285714285714285
2026-04-02,1,Rice,Cooked Food,47,3,2,4,14,0,50.285714285714285,48.714285714285715
2026-04-03,1,Rice,Cooked Food,40,4,3,4,14,0,49.714285714285715,48.857142857142854
2026-04-04,1,Rice,Cooked Food,48,5,4,4,14,1,50.0,48.07142857142857
2026-04-05,1,Rice,Cooked Food,68,6,5,4,14,1,49.857142857142854,49.07142857142857
2026-04-06,1,Rice,Cooked Food,40,0,6,4,15,0,48.857142857142854,48.714285714285715
2026-04-07,1,Rice,Cooked Food,41,1,7,4,15,0,47.285714285714285,48.57142857142857
2026-04-08,1,Rice,Cooked Food,38,2,8,4,15,0,46.0,47.92857142857143
2026-04-09,1,Rice,Cooked Food,47,3,9,4,15,0,46.0,48.142857142857146
2026-04-10,1,Rice,Cooked Food,43,4,10,4,15,0,46.42857142857143,48.07142857142857
2026-04-11,1,Rice,Cooked Food,60,5,11,4,15,1,48.142857142857146,49.07142857142857
2026-04-12,1,Rice,Cooked Food,65,6,12,4,15,1,47.714285714285715,48.785714285714285
2026-04-13,1,Rice,Cooked Food,51,0,13,4,16,0,49.285714285714285,49.07142857142857
2026-04-14,1,Rice,Cooked Food,41,1,14,4,16,0,49.285714285714285,48.285714285714285
2026-04-15,1,Rice,Cooked Food,40,2,15,4,16,0,49.57142857142857,47.785714285714285
2026-04-16,1,Rice,Cooked Food,42,3,16,4,16,0,48.857142857142854,47.42857142857143
2026-04-17,1,Rice,Cooked Food,52,4,17,4,16,0,50.142857142857146,48.285714285714285
2026-04-18,1,Rice,Cooked Food,55,5,18,4,16,1,49.42857142857143,48.785714285714285
2026-04-19,1,Rice,Cooked Food,66,6,19,4,16,1,49.57142857142857,48.642857142857146
2026-04-20,1,Rice,Cooked Food,42,0,20,4,17,0,48.285714285714285,48.785714285714285
2026-04-21,1,Rice,Cooked Food,51,1,21,4,17,0,49.714285714285715,49.5
2026-04-22,1,Rice,Cooked Food,36,2,22,4,17,0,49.142857142857146,49.357142857142854
2026-04-23,1,Rice,Cooked Food,36,3,23,4,17,0,48.285714285714285,48.57142857142857
2026-04-24,1,Rice,Cooked Food,48,4,24,4,17,0,47.714285714285715,48.92857142857143
2026-04-25,1,Rice,Cooked Food,60,5,25,4,17,1,48.42857142857143,48.92857142857143
2026-04-26,1,Rice,Cooked Food,66,6,26,4,17,1,48.42857142857143,49.0
2026-04-27,1,Rice,Cooked Food,40,0,27,4,18,0,48.142857142857146,48.214285714285715
2026-04-28,1,Rice,Cooked Food,37,1,28,4,18,0,46.142857142857146,47.92857142857143
2026-04-29,1,Rice,Cooked Food,37,2,29,4,18,0,46.285714285714285,47.714285714285715
2026-04-30,1,Rice,Cooked Food,46,3,30,4,18,0,47.714285714285715,48.0
2026-05-01,1,Rice,Cooked Food,43,4,1,5,18,0,47.0,47.357142857142854
2026-05-02,1,Rice,Cooked Food,64,5,2,5,18,1,47.57142857142857,48.0
2026-05-03,1,Rice,Cooked Food,68,6,3,5,18,1,47.857142857142854,48.142857142857146
2026-05-04,1,Rice,Cooked Food,53,0,4,5,19,0,49.714285714285715,48.92857142857143
2026-05-05,1,Rice,Cooked Food,48,1,5,5,19,0,51.285714285714285,48.714285714285715
2026-05-06,1,Rice,Cooked Food,40,2,6,5,19,0,51.714285714285715,49.0
2026-05-07,1,Rice,Cooked Food,37,3,7,5,19,0,50.42857142857143,49.07142857142857
2026-05-08,1,Rice,Cooked Food,52,4,8,5,19,0,51.714285714285715,49.357142857142854
2026-05-09,1,Rice,Cooked Food,44,5,9,5,19,1,48.857142857142854,48.214285714285715
2026-05-10,1,Rice,Cooked Food,64,6,10,5,19,1,48.285714285714285,48.07142857142857
2026-05-11,1,Rice,Cooked Food,46,0,11,5,20,0,47.285714285714285,48.5
2026-05-12,1,Rice,Cooked Food,39,1,12,5,20,0,46.0,48.642857142857146
2026-05-13,1,Rice,Cooked Food,40,2,13,5,20,0,46.0,48.857142857142854
2026-05-14,1,Rice,Cooked Food,48,3,14,5,20,0,47.57142857142857,49.0
2026-05-15,1,Rice,Cooked Food,50,4,15,5,20,0,47.285714285714285,49.5
2026-05-16,1,Rice,Cooked Food,60,5,16,5,20,1,49.57142857142857,49.214285714285715
2026-05-17,1,Rice,Cooked Food,63,6,17,5,20,1,49.42857142857143,48.857142857142854
2026-05-18,1,Rice,Cooked Food,52,0,18,5,21,0,50.285714285714285,48.785714285714285
2026-05-19,1,Rice,Cooked Food,53,1,19,5,21,0,52.285714285714285,49.142857142857146
2026-05-20,1,Rice,Cooked Food,44,2,20,5,21,0,52.857142857142854,49.42857142857143
2026-05-21,1,Rice,Cooked Food,43,3,21,5,21,0,52.142857142857146,49.857142857142854
2026-05-22,1,Rice,Cooked Food,44,4,22,5,21,0,51.285714285714285,49.285714285714285
2026-05-23,1,Rice,Cooked Food,61,5,23,5,21,1,51.42857142857143,50.5
2026-05-24,1,Rice,Cooked Food,63,6,24,5,21,1,51.42857142857143,50.42857142857143
2026-05-25,1,Rice,Cooked Food,51,0,25,5,22,0,51.285714285714285,50.785714285714285
2026-05-26,1,Rice,Cooked Food,37,1,26,5,22,0,49.0,50.642857142857146
2026-05-27,1,Rice,Cooked Food,45,2,27,5,22,0,49.142857142857146,51.0
2026-05-28,1,Rice,Cooked Food,50,3,28,5,22,0,50.142857142857146,51.142857142857146
2026-05-29,1,Rice,Cooked Food,39,4,29,5,22,0,49.42857142857143,50.357142857142854
2026-05-30,1,Rice,Cooked Food,58,5,30,5,22,1,49.0,50.214285714285715
2026-05-31,1,Rice,Cooked Food,51,6,31,5,22,1,47.285714285714285,49.357142857142854
2026-06-01,1,Rice,Cooked Food,53,0,1,6,23,0,47.57142857142857,49.42857142857143
2026-06-02,1,Rice,Cooked Food,40,1,2,6,23,0,48.0,48.5
2026-06-03,1,Rice,Cooked Food,38,2,3,6,23,0,47.0,48.07142857142857
2026-06-04,1,Rice,Cooked Food,53,3,4,6,23,0,47.42857142857143,48.785714285714285
2026-06-05,1,Rice,Cooked Food,50,4,5,6,23,0,49.0,49.214285714285715
2026-06-06,1,Rice,Cooked Food,58,5,6,6,23,1,49.0,49.0
2026-06-07,1,Rice,Cooked Food,56,6,7,6,23,1,49.714285714285715,48.5
2026-06-08,1,Rice,Cooked Food,53,0,8,6,24,0,49.714285714285715,48.642857142857146
2026-06-09,1,Rice,Cooked Food,51,1,9,6,24,0,51.285714285714285,49.642857142857146
2026-06-10,1,Rice,Cooked Food,40,2,10,6,24,0,51.57142857142857,49.285714285714285
2026-06-11,1,Rice,Cooked Food,52,3,11,6,24,0,51.42857142857143,49.42857142857143
2026-06-12,1,Rice,Cooked Food,44,4,12,6,24,0,50.57142857142857,49.785714285714285
2026-06-13,1,Rice,Cooked Food,49,5,13,6,24,1,49.285714285714285,49.142857142857146
2026-06-14,1,Rice,Cooked Food,50,6,14,6,24,1,48.42857142857143,49.07142857142857
2026-06-15,1,Rice,Cooked Food,58,0,15,6,25,0,49.142857142857146,49.42857142857143
2026-06-16,1,Rice,Cooked Food,47,1,16,6,25,0,48.57142857142857,49.92857142857143
2026-06-17,1,Rice,Cooked Food,40,2,17,6,25,0,48.57142857142857,50.07142857142857
2026-06-18,1,Rice,Cooked Food,36,3,18,6,25,0,46.285714285714285,48.857142857142854
2026-06-19,1,Rice,Cooked Food,49,4,19,6,25,0,47.0,48.785714285714285
2026-06-20,1,Rice,Cooked Food,64,5,20,6,25,1,49.142857142857146,49.214285714285715
2026-06-21,1,Rice,Cooked Food,53,6,21,6,25,1,49.57142857142857,49.0
2026-06-22,1,Rice,Cooked Food,47,0,22,6,26,0,48.0,48.57142857142857
2026-06-23,1,Rice,Cooked Food,46,1,23,6,26,0,47.857142857142854,48.214285714285715
2026-06-24,1,Rice,Cooked Food,49,2,24,6,26,0,49.142857142857146,48.857142857142854
2026-06-25,1,Rice,Cooked Food,46,3,25,6,26,0,50.57142857142857,48.42857142857143
2026-06-26,1,Rice,Cooked Food,42,4,26,6,26,0,49.57142857142857,48.285714285714285
2026-06-27,1,Rice,Cooked Food,44,5,27,6,26,1,46.714285714285715,47.92857142857143
2026-06-28,1,Rice,Cooked Food,51,6,28,6,26,1,46.42857142857143,48.0
2026-06-29,1,Rice,Cooked Food,50,0,29,6,27,0,46.857142857142854,47.42857142857143
2026-06-30,1,Rice,Cooked Food,51,1,30,6,27,0,47.57142857142857,47.714285714285715
2026-07-01,1,Rice,Cooked Food,49,2,1,7,27,0,47.57142857142857,48.357142857142854
2026-07-02,1,Rice,Cooked Food,48,3,2,7,27,0,47.857142857142854,49.214285714285715
2026-07-03,1,Rice,Cooked Food,50,4,3,7,27,0,49.0,49.285714285714285
2026-07-04,1,Rice,Cooked Food,53,5,4,7,27,1,50.285714285714285,48.5
2026-07-05,1,Rice,Cooked Food,62,6,5,7,27,1,51.857142857142854,49.142857142857146
2026-07-06,1,Rice,Cooked Food,56,0,6,7,28,0,52.714285714285715,49.785714285714285
2026-07-07,1,Rice,Cooked Food,40,1,7,7,28,0,51.142857142857146,49.357142857142854
2026-07-08,1,Rice,Cooked Food,53,2,8,7,28,0,51.714285714285715,49.642857142857146
2026-07-09,1,Rice,Cooked Food,39,3,9,7,28,0,50.42857142857143,49.142857142857146
2026-07-10,1,Rice,Cooked Food,39,4,10,7,28,0,48.857142857142854,48.92857142857143
2026-07-11,1,Rice,Cooked Food,61,5,11,7,28,1,50.0,50.142857142857146
2026-07-12,1,Rice,Cooked Food,62,6,12,7,28,1,50.0,50.92857142857143
2026-07-13,1,Rice,Cooked Food,57,0,13,7,29,0,50.142857142857146,51.42857142857143
2026-07-14,1,Rice,Cooked Food,50,1,14,7,29,0,51.57142857142857,51.357142857142854
2026-07-15,1,Rice,Cooked Food,50,2,15,7,29,0,51.142857142857146,51.42857142857143
2026-07-16,1,Rice,Cooked Food,46,3,16,7,29,0,52.142857142857146,51.285714285714285
2026-07-17,1,Rice,Cooked Food,41,4,17,7,29,0,52.42857142857143,50.642857142857146
2026-07-18,1,Rice,Cooked Food,61,5,18,7,29,1,52.42857142857143,51.214285714285715
2026-07-19,1,Rice,Cooked Food,74,6,19,7,29,1,54.142857142857146,52.07142857142857
2026-07-20,1,Rice,Cooked Food,42,0,20,7,30,0,52.0,51.07142857142857
2026-07-21,1,Rice,Cooked Food,47,1,21,7,30,0,51.57142857142857,51.57142857142857
2026-07-22,1,Rice,Cooked Food,38,2,22,7,30,0,49.857142857142854,50.5
2026-07-23,1,Rice,Cooked Food,50,3,23,7,30,0,50.42857142857143,51.285714285714285
2026-07-24,1,Rice,Cooked Food,51,4,24,7,30,0,51.857142857142854,52.142857142857146
2026-07-25,1,Rice,Cooked Food,49,5,25,7,30,1,50.142857142857146,51.285714285714285
2026-07-26,1,Rice,Cooked Food,74,6,26,7,30,1,50.142857142857146,52.142857142857146
2026-07-27,1,Rice,Cooked Food,43,0,27,7,31,0,50.285714285714285,51.142857142857146
2026-07-28,1,Rice,Cooked Food,49,1,28,7,31,0,50.57142857142857,51.07142857142857
2026-07-29,1,Rice,Cooked Food,37,2,29,7,31,0,50.42857142857143,50.142857142857146
2026-07-30,1,Rice,Cooked Food,39,3,30,7,31,0,48.857142857142854,49.642857142857146
2026-07-31,1,Rice,Cooked Food,46,4,31,7,31,0,48.142857142857146,50.0
2025-08-01,2,Chapati,Bakery,44,4,1,8,31,0,44.0,44.0
2025-08-02,2,Chapati,Bakery,53,5,2,8,31,1,48.5,48.5
2025-08-03,2,Chapati,Bakery,78,6,3,8,31,1,58.333333333333336,58.333333333333336
2025-08-04,2,Chapati,Bakery,56,0,4,8,32,0,57.75,57.75
2025-08-05,2,Chapati,Bakery,65,1,5,8,32,0,59.2,59.2
2025-08-06,2,Chapati,Bakery,45,2,6,8,32,0,56.833333333333336,56.833333333333336
2025-08-07,2,Chapati,Bakery,52,3,7,8,32,0,56.142857142857146,56.142857142857146
2025-08-08,2,Chapati,Bakery,60,4,8,8,32,0,58.42857142857143,56.625
2025-08-09,2,Chapati,Bakery,73,5,9,8,32,1,61.285714285714285,58.44444444444444
2025-08-10,2,Chapati,Bakery,70,6,10,8,32,1,60.142857142857146,59.6
2025-08-11,2,Chapati,Bakery,54,0,11,8,33,0,59.857142857142854,59.09090909090909
2025-08-12,2,Chapati,Bakery,45,1,12,8,33,0,57.0,57.916666666666664
2025-08-13,2,Chapati,Bakery,55,2,13,8,33,0,58.42857142857143,57.69230769230769
2025-08-14,2,Chapati,Bakery,58,3,14,8,33,0,59.285714285714285,57.714285714285715
2025-08-15,2,Chapati,Bakery,47,4,15,8,33,0,57.42857142857143,57.92857142857143
2025-08-16,2,Chapati,Bakery,67,5,16,8,33,1,56.57142857142857,58.92857142857143
2025-08-17,2,Chapati,Bakery,85,6,17,8,33,1,58.714285714285715,59.42857142857143
2025-08-18,2,Chapati,Bakery,66,0,18,8,34,0,60.42857142857143,60.142857142857146
2025-08-19,2,Chapati,Bakery,48,1,19,8,34,0,60.857142857142854,58.92857142857143
2025-08-20,2,Chapati,Bakery,55,2,20,8,34,0,60.857142857142854,59.642857142857146
2025-08-21,2,Chapati,Bakery,57,3,21,8,34,0,60.714285714285715,60.0
2025-08-22,2,Chapati,Bakery,46,4,22,8,34,0,60.57142857142857,59.0
2025-08-23,2,Chapati,Bakery,64,5,23,8,34,1,60.142857142857146,58.357142857142854
2025-08-24,2,Chapati,Bakery,71,6,24,8,34,1,58.142857142857146,58.42857142857143
2025-08-25,2,Chapati,Bakery,70,0,25,8,35,0,58.714285714285715,59.57142857142857
2025-08-26,2,Chapati,Bakery,64,1,26,8,35,0,61.0,60.92857142857143
2025-08-27,2,Chapati,Bakery,65,2,27,8,35,0,62.42857142857143,61.642857142857146
2025-08-28,2,Chapati,Bakery,59,3,28,8,35,0,62.714285714285715,61.714285714285715
2025-08-29,2,Chapati,Bakery,56,4,29,8,35,0,64.14285714285714,62.357142857142854
2025-08-30,2,Chapati,Bakery,70,5,30,8,35,1,65.0,62.57142857142857
2025-08-31,2,Chapati,Bakery,78,6,31,8,35,1,66.0,62.07142857142857
2025-09-01,2,Chapati,Bakery,55,0,1,9,36,0,63.857142857142854,61.285714285714285
2025-09-02,2,Chapati,Bakery,48,1,2,9,36,0,61.57142857142857,61.285714285714285
2025-09-03,2,Chapati,Bakery,59,2,3,9,36,0,60.714285714285715,61.57142857142857
2025-09-04,2,Chapati,Bakery,64,3,4,9,36,0,61.42857142857143,62.07142857142857
2025-09-05,2,Chapati,Bakery,48,4,5,9,36,0,60.285714285714285,62.214285714285715
2025-09-06,2,Chapati,Bakery,60,5,6,9,36,1,58.857142857142854,61.92857142857143
2025-09-07,2,Chapati,Bakery,61,6,7,9,36,1,56.42857142857143,61.214285714285715
2025-09-08,2,Chapati,Bakery,51,0,8,9,37,0,55.857142857142854,59.857142857142854
2025-09-09,2,Chapati,Bakery,46,1,9,9,37,0,55.57142857142857,58.57142857142857
2025-09-10,2,Chapati,Bakery,65,2,10,9,37,0,56.42857142857143,58.57142857142857
2025-09-11,2,Chapati,Bakery,63,3,11,9,37,0,56.285714285714285,58.857142857142854
2025-09-12,2,Chapati,Bakery,61,4,12,9,37,0,58.142857142857146,59.214285714285715
2025-09-13,2,Chapati,Bakery,75,5,13,9,37,1,60.285714285714285,59.57142857142857
2025-09-14,2,Chapati,Bakery,64,6,14,9,37,1,60.714285714285715,58.57142857142857
2025-09-15,2,Chapati,Bakery,55,0,15,9,38,0,61.285714285714285,58.57142857142857
2025-09-16,2,Chapati,Bakery,64,1,16,9,38,0,63.857142857142854,59.714285714285715
2025-09-17,2,Chapati,Bakery,51,2,17,9,38,0,61.857142857142854,59.142857142857146
2025-09-18,2,Chapati,Bakery,50,3,18,9,38,0,60.0,58.142857142857146
2025-09-19,2,Chapati,Bakery,56,4,19,9,38,0,59.285714285714285,58.714285714285715
2025-09-20,2,Chapati,Bakery,58,5,20,9,38,1,56.857142857142854,58.57142857142857
2025-09-21,2,Chapati,Bakery,70,6,21,9,38,1,57.714285714285715,59.214285714285715
2025-09-22,2,Chapati,Bakery,59,0,22,9,39,0,58.285714285714285,59.785714285714285
2025-09-23,2,Chapati,Bakery,49,1,23,9,39,0,56.142857142857146,60.0
2025-09-24,2,Chapati,Bakery,65,2,24,9,39,0,58.142857142857146,60.0
2025-09-25,2,Chapati,Bakery,65,3,25,9,39,0,60.285714285714285,60.142857142857146
2025-09-26,2,Chapati,Bakery,56,4,26,9,39,0,60.285714285714285,59.785714285714285
2025-09-27,2,Chapati,Bakery,66,5,27,9,39,1,61.42857142857143,59.142857142857146
2025-09-28,2,Chapati,Bakery,64,6,28,9,39,1,60.57142857142857,59.142857142857146
2025-09-29,2,Chapati,Bakery,53,0,29,9,40,0,59.714285714285715,59.0
2025-09-30,2,Chapati,Bakery,44,1,30,9,40,0,59.0,57.57142857142857
2025-10-01,2,Chapati,Bakery,57,2,1,10,40,0,57.857142857142854,58.0
2025-10-02,2,Chapati,Bakery,47,3,2,10,40,0,55.285714285714285,57.785714285714285
2025-10-03,2,Chapati,Bakery,58,4,3,10,40,0,55.57142857142857,57.92857142857143
2025-10-04,2,Chapati,Bakery,62,5,4,10,40,1,55.0,58.214285714285715
2025-10-05,2,Chapati,Bakery,71,6,5,10,40,1,56.0,58.285714285714285
2025-10-06,2,Chapati,Bakery,52,0,6,10,41,0,55.857142857142854,57.785714285714285
2025-10-07,2,Chapati,Bakery,57,1,7,10,41,0,57.714285714285715,58.357142857142854
2025-10-08,2,Chapati,Bakery,58,2,8,10,41,0,57.857142857142854,57.857142857142854
2025-10-09,2,Chapati,Bakery,60,3,9,10,41,0,59.714285714285715,57.5
2025-10-10,2,Chapati,Bakery,52,4,10,10,41,0,58.857142857142854,57.214285714285715
2025-10-11,2,Chapati,Bakery,74,5,11,10,41,1,60.57142857142857,57.785714285714285
2025-10-12,2,Chapati,Bakery,75,6,12,10,41,1,61.142857142857146,58.57142857142857
2025-10-13,2,Chapati,Bakery,54,0,13,10,42,0,61.42857142857143,58.642857142857146
2025-10-14,2,Chapati,Bakery,61,1,14,10,42,0,62.0,59.857142857142854
2025-10-15,2,Chapati,Bakery,59,2,15,10,42,0,62.142857142857146,60.0
2025-10-16,2,Chapati,Bakery,48,3,16,10,42,0,60.42857142857143,60.07142857142857
2025-10-17,2,Chapati,Bakery,51,4,17,10,42,0,60.285714285714285,59.57142857142857
2025-10-18,2,Chapati,Bakery,72,5,18,10,42,1,60.0,60.285714285714285
2025-10-19,2,Chapati,Bakery,63,6,19,10,42,1,58.285714285714285,59.714285714285715
2025-10-20,2,Chapati,Bakery,61,0,20,10,43,0,59.285714285714285,60.357142857142854
2025-10-21,2,Chapati,Bakery,53,1,21,10,43,0,58.142857142857146,60.07142857142857
2025-10-22,2,Chapati,Bakery,57,2,22,10,43,0,57.857142857142854,60.0
2025-10-23,2,Chapati,Bakery,57,3,23,10,43,0,59.142857142857146,59.785714285714285
2025-10-24,2,Chapati,Bakery,50,4,24,10,43,0,59.0,59.642857142857146
2025-10-25,2,Chapati,Bakery,56,5,25,10,43,1,56.714285714285715,58.357142857142854
2025-10-26,2,Chapati,Bakery,82,6,26,10,43,1,59.42857142857143,58.857142857142854
2025-10-27,2,Chapati,Bakery,70,0,27,10,44,0,60.714285714285715,60.0
2025-10-28,2,Chapati,Bakery,50,1,28,10,44,0,60.285714285714285,59.214285714285715
2025-10-29,2,Chapati,Bakery,55,2,29,10,44,0,60.0,58.92857142857143
2025-10-30,2,Chapati,Bakery,65,3,30,10,44,0,61.142857142857146,60.142857142857146
2025-10-31,2,Chapati,Bakery,60,4,31,10,44,0,62.57142857142857,60.785714285714285
2025-11-01,2,Chapati,Bakery,55,5,1,11,44,1,62.42857142857143,59.57142857142857
2025-11-02,2,Chapati,Bakery,89,6,2,11,44,1,63.42857142857143,61.42857142857143
2025-11-03,2,Chapati,Bakery,60,0,3,11,45,0,62.0,61.357142857142854
2025-11-04,2,Chapati,Bakery,57,1,4,11,45,0,63.0,61.642857142857146
2025-11-05,2,Chapati,Bakery,65,2,5,11,45,0,64.42857142857143,62.214285714285715
2025-11-06,2,Chapati,Bakery,64,3,6,11,45,0,64.28571428571429,62.714285714285715
2025-11-07,2,Chapati,Bakery,62,4,7,11,45,0,64.57142857142857,63.57142857142857
2025-11-08,2,Chapati,Bakery,75,5,8,11,45,1,67.42857142857143,64.92857142857143
2025-11-09,2,Chapati,Bakery,69,6,9,11,45,1,64.57142857142857,64.0
2025-11-10,2,Chapati,Bakery,61,0,10,11,46,0,64.71428571428571,63.357142857142854
2025-11-11,2,Chapati,Bakery,44,1,11,11,46,0,62.857142857142854,62.92857142857143
2025-11-12,2,Chapati,Bakery,54,2,12,11,46,0,61.285714285714285,62.857142857142854
2025-11-13,2,Chapati,Bakery,54,3,13,11,46,0,59.857142857142854,62.07142857142857
2025-11-14,2,Chapati,Bakery,59,4,14,11,46,0,59.42857142857143,62.0
2025-11-15,2,Chapati,Bakery,72,5,15,11,46,1,59.0,63.214285714285715
2025-11-16,2,Chapati,Bakery,73,6,16,11,46,1,59.57142857142857,62.07142857142857
2025-11-17,2,Chapati,Bakery,67,0,17,11,47,0,60.42857142857143,62.57142857142857
2025-11-18,2,Chapati,Bakery,45,1,18,11,47,0,60.57142857142857,61.714285714285715
2025-11-19,2,Chapati,Bakery,49,2,19,11,47,0,59.857142857142854,60.57142857142857
2025-11-20,2,Chapati,Bakery,56,3,20,11,47,0,60.142857142857146,60.0
2025-11-21,2,Chapati,Bakery,49,4,21,11,47,0,58.714285714285715,59.07142857142857
2025-11-22,2,Chapati,Bakery,67,5,22,11,47,1,58.0,58.5
2025-11-23,2,Chapati,Bakery,84,6,23,11,47,1,59.57142857142857,59.57142857142857
2025-11-24,2,Chapati,Bakery,68,0,24,11,48,0,59.714285714285715,60.07142857142857
2025-11-25,2,Chapati,Bakery,45,1,25,11,48,0,59.714285714285715,60.142857142857146
2025-11-26,2,Chapati,Bakery,64,2,26,11,48,0,61.857142857142854,60.857142857142854
2025-11-27,2,Chapati,Bakery,46,3,27,11,48,0,60.42857142857143,60.285714285714285
2025-11-28,2,Chapati,Bakery,61,4,28,11,48,0,62.142857142857146,60.42857142857143
2025-11-29,2,Chapati,Bakery,68,5,29,11,48,1,62.285714285714285,60.142857142857146
2025-11-30,2,Chapati,Bakery,88,6,30,11,48,1,62.857142857142854,61.214285714285715
2025-12-01,2,Chapati,Bakery,71,0,1,12,49,0,63.285714285714285,61.5
2025-12-02,2,Chapati,Bakery,60,1,2,12,49,0,65.42857142857143,62.57142857142857
2025-12-03,2,Chapati,Bakery,52,2,3,12,49,0,63.714285714285715,62.785714285714285
2025-12-04,2,Chapati,Bakery,59,3,4,12,49,0,65.57142857142857,63.0
2025-12-05,2,Chapati,Bakery,54,4,5,12,49,0,64.57142857142857,63.357142857142854
2025-12-06,2,Chapati,Bakery,67,5,6,12,49,1,64.42857142857143,63.357142857142854
2025-12-07,2,Chapati,Bakery,88,6,7,12,49,1,64.42857142857143,63.642857142857146
2025-12-08,2,Chapati,Bakery,49,0,8,12,50,0,61.285714285714285,62.285714285714285
2025-12-09,2,Chapati,Bakery,55,1,9,12,50,0,60.57142857142857,63.0
2025-12-10,2,Chapati,Bakery,44,2,10,12,50,0,59.42857142857143,61.57142857142857
2025-12-11,2,Chapati,Bakery,52,3,11,12,50,0,58.42857142857143,62.0
2025-12-12,2,Chapati,Bakery,50,4,12,12,50,0,57.857142857142854,61.214285714285715
2025-12-13,2,Chapati,Bakery,55,5,13,12,50,1,56.142857142857146,60.285714285714285
2025-12-14,2,Chapati,Bakery,67,6,14,12,50,1,53.142857142857146,58.785714285714285
2025-12-15,2,Chapati,Bakery,52,0,15,12,51,0,53.57142857142857,57.42857142857143
2025-12-16,2,Chapati,Bakery,56,1,16,12,51,0,53.714285714285715,57.142857142857146
2025-12-17,2,Chapati,Bakery,63,2,17,12,51,0,56.42857142857143,57.92857142857143
2025-12-18,2,Chapati,Bakery,48,3,18,12,51,0,55.857142857142854,57.142857142857146
2025-12-19,2,Chapati,Bakery,65,4,19,12,51,0,58.0,57.92857142857143
2025-12-20,2,Chapati,Bakery,57,5,20,12,51,1,58.285714285714285,57.214285714285715
2025-12-21,2,Chapati,Bakery,65,6,21,12,51,1,58.0,55.57142857142857
2025-12-22,2,Chapati,Bakery,65,0,22,12,52,0,59.857142857142854,56.714285714285715
2025-12-23,2,Chapati,Bakery,49,1,23,12,52,0,58.857142857142854,56.285714285714285
2025-12-24,2,Chapati,Bakery,50,2,24,12,52,0,57.0,56.714285714285715
2025-12-25,2,Chapati,Bakery,50,3,25,12,52,0,57.285714285714285,56.57142857142857
2025-12-26,2,Chapati,Bakery,52,4,26,12,52,0,55.42857142857143,56.714285714285715
2025-12-27,2,Chapati,Bakery,53,5,27,12,52,1,54.857142857142854,56.57142857142857
2025-12-28,2,Chapati,Bakery,61,6,28,12,52,1,54.285714285714285,56.142857142857146
2025-12-29,2,Chapati,Bakery,54,0,29,12,1,0,52.714285714285715,56.285714285714285
2025-12-30,2,Chapati,Bakery,55,1,30,12,1,0,53.57142857142857,56.214285714285715
2025-12-31,2,Chapati,Bakery,49,2,31,12,1,0,53.42857142857143,55.214285714285715
2026-01-01,2,Chapati,Bakery,54,3,1,1,1,0,54.0,55.642857142857146
2026-01-02,2,Chapati,Bakery,63,4,2,1,1,0,55.57142857142857,55.5
2026-01-03,2,Chapati,Bakery,66,5,3,1,1,1,57.42857142857143,56.142857142857146
2026-01-04,2,Chapati,Bakery,79,6,4,1,1,1,60.0,57.142857142857146
2026-01-05,2,Chapati,Bakery,64,0,5,1,2,0,61.42857142857143,57.07142857142857
2026-01-06,2,Chapati,Bakery,59,1,6,1,2,0,62.0,57.785714285714285
2026-01-07,2,Chapati,Bakery,52,2,7,1,2,0,62.42857142857143,57.92857142857143
2026-01-08,2,Chapati,Bakery,46,3,8,1,2,0,61.285714285714285,57.642857142857146
2026-01-09,2,Chapati,Bakery,56,4,9,1,2,0,60.285714285714285,57.92857142857143
2026-01-10,2,Chapati,Bakery,60,5,10,1,2,1,59.42857142857143,58.42857142857143
2026-01-11,2,Chapati,Bakery,76,6,11,1,2,1,59.0,59.5
2026-01-12,2,Chapati,Bakery,60,0,12,1,3,0,58.42857142857143,59.92857142857143
2026-01-13,2,Chapati,Bakery,63,1,13,1,3,0,59.0,60.5
2026-01-14,2,Chapati,Bakery,60,2,14,1,3,0,60.142857142857146,61.285714285714285
2026-01-15,2,Chapati,Bakery,50,3,15,1,3,0,60.714285714285715,61.0
2026-01-16,2,Chapati,Bakery,52,4,16,1,3,0,60.142857142857146,60.214285714285715
2026-01-17,2,Chapati,Bakery,74,5,17,1,3,1,62.142857142857146,60.785714285714285
2026-01-18,2,Chapati,Bakery,86,6,18,1,3,1,63.57142857142857,61.285714285714285
2026-01-19,2,Chapati,Bakery,71,0,19,1,4,0,65.14285714285714,61.785714285714285
2026-01-20,2,Chapati,Bakery,65,1,20,1,4,0,65.42857142857143,62.214285714285715
2026-01-21,2,Chapati,Bakery,50,2,21,1,4,0,64.0,62.07142857142857
2026-01-22,2,Chapati,Bakery,49,3,22,1,4,0,63.857142857142854,62.285714285714285
2026-01-23,2,Chapati,Bakery,45,4,23,1,4,0,62.857142857142854,61.5
2026-01-24,2,Chapati,Bakery,66,5,24,1,4,1,61.714285714285715,61.92857142857143
2026-01-25,2,Chapati,Bakery,63,6,25,1,4,1,58.42857142857143,61.0
2026-01-26,2,Chapati,Bakery,59,0,26,1,5,0,56.714285714285715,60.92857142857143
2026-01-27,2,Chapati,Bakery,57,1,27,1,5,0,55.57142857142857,60.5
2026-01-28,2,Chapati,Bakery,61,2,28,1,5,0,57.142857142857146,60.57142857142857
2026-01-29,2,Chapati,Bakery,50,3,29,1,5,0,57.285714285714285,60.57142857142857
2026-01-30,2,Chapati,Bakery,49,4,30,1,5,0,57.857142857142854,60.357142857142854
2026-01-31,2,Chapati,Bakery,62,5,31,1,5,1,57.285714285714285,59.5
2026-02-01,2,Chapati,Bakery,88,6,1,2,5,1,60.857142857142854,59.642857142857146
2026-02-02,2,Chapati,Bakery,56,0,2,2,6,0,60.42857142857143,58.57142857142857
2026-02-03,2,Chapati,Bakery,44,1,3,2,6,0,58.57142857142857,57.07142857142857
2026-02-04,2,Chapati,Bakery,58,2,4,2,6,0,58.142857142857146,57.642857142857146
2026-02-05,2,Chapati,Bakery,44,3,5,2,6,0,57.285714285714285,57.285714285714285
2026-02-06,2,Chapati,Bakery,64,4,6,2,6,0,59.42857142857143,58.642857142857146
2026-02-07,2,Chapati,Bakery,55,5,7,2,6,1,58.42857142857143,57.857142857142854
2026-02-08,2,Chapati,Bakery,90,6,8,2,6,1,58.714285714285715,59.785714285714285
2026-02-09,2,Chapati,Bakery,59,0,9,2,7,0,59.142857142857146,59.785714285714285
2026-02-10,2,Chapati,Bakery,63,1,10,2,7,0,61.857142857142854,60.214285714285715
2026-02-11,2,Chapati,Bakery,48,2,11,2,7,0,60.42857142857143,59.285714285714285
2026-02-12,2,Chapati,Bakery,57,3,12,2,7,0,62.285714285714285,59.785714285714285
2026-02-13,2,Chapati,Bakery,45,4,13,2,7,0,59.57142857142857,59.5
2026-02-14,2,Chapati,Bakery,69,5,14,2,7,1,61.57142857142857,60.0
2026-02-15,2,Chapati,Bakery,65,6,15,2,7,1,58.0,58.357142857142854
2026-02-16,2,Chapati,Bakery,63,0,16,2,8,0,58.57142857142857,58.857142857142854
2026-02-17,2,Chapati,Bakery,47,1,17,2,8,0,56.285714285714285,59.07142857142857
2026-02-18,2,Chapati,Bakery,45,2,18,2,8,0,55.857142857142854,58.142857142857146
2026-02-19,2,Chapati,Bakery,57,3,19,2,8,0,55.857142857142854,59.07142857142857
2026-02-20,2,Chapati,Bakery,45,4,20,2,8,0,55.857142857142854,57.714285714285715
2026-02-21,2,Chapati,Bakery,75,5,21,2,8,1,56.714285714285715,59.142857142857146
2026-02-22,2,Chapati,Bakery,68,6,22,2,8,1,57.142857142857146,57.57142857142857
2026-02-23,2,Chapati,Bakery,56,0,23,2,9,0,56.142857142857146,57.357142857142854
2026-02-24,2,Chapati,Bakery,44,1,24,2,9,0,55.714285714285715,56.0
2026-02-25,2,Chapati,Bakery,63,2,25,2,9,0,58.285714285714285,57.07142857142857
2026-02-26,2,Chapati,Bakery,60,3,26,2,9,0,58.714285714285715,57.285714285714285
2026-02-27,2,Chapati,Bakery,60,4,27,2,9,0,60.857142857142854,58.357142857142854
2026-02-28,2,Chapati,Bakery,61,5,28,2,9,1,58.857142857142854,57.785714285714285
2026-03-01,2,Chapati,Bakery,70,6,1,3,9,1,59.142857142857146,58.142857142857146
2026-03-02,2,Chapati,Bakery,72,0,2,3,10,0,61.42857142857143,58.785714285714285
2026-03-03,2,Chapati,Bakery,61,1,3,3,10,0,63.857142857142854,59.785714285714285
2026-03-04,2,Chapati,Bakery,44,2,4,3,10,0,61.142857142857146,59.714285714285715
2026-03-05,2,Chapati,Bakery,47,3,5,3,10,0,59.285714285714285,59.0
2026-03-06,2,Chapati,Bakery,46,4,6,3,10,0,57.285714285714285,59.07142857142857
2026-03-07,2,Chapati,Bakery,75,5,7,3,10,1,59.285714285714285,59.07142857142857
2026-03-08,2,Chapati,Bakery,70,6,8,3,10,1,59.285714285714285,59.214285714285715
2026-03-09,2,Chapati,Bakery,65,0,9,3,11,0,58.285714285714285,59.857142857142854
2026-03-10,2,Chapati,Bakery,50,1,10,3,11,0,56.714285714285715,60.285714285714285
2026-03-11,2,Chapati,Bakery,46,2,11,3,11,0,57.0,59.07142857142857
2026-03-12,2,Chapati,Bakery,50,3,12,3,11,0,57.42857142857143,58.357142857142854
2026-03-13,2,Chapati,Bakery,64,4,13,3,11,0,60.0,58.642857142857146
2026-03-14,2,Chapati,Bakery,69,5,14,3,11,1,59.142857142857146,59.214285714285715
2026-03-15,2,Chapati,Bakery,88,6,15,3,11,1,61.714285714285715,60.5
2026-03-16,2,Chapati,Bakery,64,0,16,3,12,0,61.57142857142857,59.92857142857143
2026-03-17,2,Chapati,Bakery,47,1,17,3,12,0,61.142857142857146,58.92857142857143
2026-03-18,2,Chapati,Bakery,65,2,18,3,12,0,63.857142857142854,60.42857142857143
2026-03-19,2,Chapati,Bakery,65,3,19,3,12,0,66.0,61.714285714285715
2026-03-20,2,Chapati,Bakery,47,4,20,3,12,0,63.57142857142857,61.785714285714285
2026-03-21,2,Chapati,Bakery,57,5,21,3,12,1,61.857142857142854,60.5
2026-03-22,2,Chapati,Bakery,64,6,22,3,12,1,58.42857142857143,60.07142857142857
2026-03-23,2,Chapati,Bakery,65,0,23,3,13,0,58.57142857142857,60.07142857142857
2026-03-24,2,Chapati,Bakery,55,1,24,3,13,0,59.714285714285715,60.42857142857143
2026-03-25,2,Chapati,Bakery,48,2,25,3,13,0,57.285714285714285,60.57142857142857
2026-03-26,2,Chapati,Bakery,55,3,26,3,13,0,55.857142857142854,60.92857142857143
2026-03-27,2,Chapati,Bakery,59,4,27,3,13,0,57.57142857142857,60.57142857142857
2026-03-28,2,Chapati,Bakery,61,5,28,3,13,1,58.142857142857146,60.0
2026-03-29,2,Chapati,Bakery,74,6,29,3,13,1,59.57142857142857,59.0
2026-03-30,2,Chapati,Bakery,68,0,30,3,14,0,60.0,59.285714285714285
2026-03-31,2,Chapati,Bakery,45,1,31,3,14,0,58.57142857142857,59.142857142857146
2026-04-01,2,Chapati,Bakery,53,2,1,4,14,0,59.285714285714285,58.285714285714285
2026-04-02,2,Chapati,Bakery,55,3,2,4,14,0,59.285714285714285,57.57142857142857
2026-04-03,2,Chapati,Bakery,44,4,3,4,14,0,57.142857142857146,57.357142857142854
2026-04-04,2,Chapati,Bakery,61,5,4,4,14,1,57.142857142857146,57.642857142857146
2026-04-05,2,Chapati,Bakery,87,6,5,4,14,1,59.0,59.285714285714285
2026-04-06,2,Chapati,Bakery,66,0,6,4,15,0,58.714285714285715,59.357142857142854
2026-04-07,2,Chapati,Bakery,61,1,7,4,15,0,61.0,59.785714285714285
2026-04-08,2,Chapati,Bakery,58,2,8,4,15,0,61.714285714285715,60.5
2026-04-09,2,Chapati,Bakery,53,3,9,4,15,0,61.42857142857143,60.357142857142854
2026-04-10,2,Chapati,Bakery,47,4,10,4,15,0,61.857142857142854,59.5
2026-04-11,2,Chapati,Bakery,76,5,11,4,15,1,64.0,60.57142857142857
2026-04-12,2,Chapati,Bakery,88,6,12,4,15,1,64.14285714285714,61.57142857142857
2026-04-13,2,Chapati,Bakery,69,0,13,4,16,0,64.57142857142857,61.642857142857146
2026-04-14,2,Chapati,Bakery,65,1,14,4,16,0,65.14285714285714,63.07142857142857
2026-04-15,2,Chapati,Bakery,57,2,15,4,16,0,65.0,63.357142857142854
2026-04-16,2,Chapati,Bakery,49,3,16,4,16,0,64.42857142857143,62.92857142857143
2026-04-17,2,Chapati,Bakery,52,4,17,4,16,0,65.14285714285714,63.5
2026-04-18,2,Chapati,Bakery,63,5,18,4,16,1,63.285714285714285,63.642857142857146
2026-04-19,2,Chapati,Bakery,68,6,19,4,16,1,60.42857142857143,62.285714285714285
2026-04-20,2,Chapati,Bakery,65,0,20,4,17,0,59.857142857142854,62.214285714285715
2026-04-21,2,Chapati,Bakery,64,1,21,4,17,0,59.714285714285715,62.42857142857143
2026-04-22,2,Chapati,Bakery,55,2,22,4,17,0,59.42857142857143,62.214285714285715
2026-04-23,2,Chapati,Bakery,56,3,23,4,17,0,60.42857142857143,62.42857142857143
2026-04-24,2,Chapati,Bakery,61,4,24,4,17,0,61.714285714285715,63.42857142857143
2026-04-25,2,Chapati,Bakery,59,5,25,4,17,1,61.142857142857146,62.214285714285715
2026-04-26,2,Chapati,Bakery,86,6,26,4,17,1,63.714285714285715,62.07142857142857
2026-04-27,2,Chapati,Bakery,48,0,27,4,18,0,61.285714285714285,60.57142857142857
2026-04-28,2,Chapati,Bakery,55,1,28,4,18,0,60.0,59.857142857142854
2026-04-29,2,Chapati,Bakery,64,2,29,4,18,0,61.285714285714285,60.357142857142854
2026-04-30,2,Chapati,Bakery,60,3,30,4,18,0,61.857142857142854,61.142857142857146
2026-05-01,2,Chapati,Bakery,63,4,1,5,18,0,62.142857142857146,61.92857142857143
2026-05-02,2,Chapati,Bakery,54,5,2,5,18,1,61.42857142857143,61.285714285714285
2026-05-03,2,Chapati,Bakery,61,6,3,5,18,1,57.857142857142854,60.785714285714285
2026-05-04,2,Chapati,Bakery,64,0,4,5,19,0,60.142857142857146,60.714285714285715
2026-05-05,2,Chapati,Bakery,57,1,5,5,19,0,60.42857142857143,60.214285714285715
2026-05-06,2,Chapati,Bakery,46,2,6,5,19,0,57.857142857142854,59.57142857142857
2026-05-07,2,Chapati,Bakery,57,3,7,5,19,0,57.42857142857143,59.642857142857146
2026-05-08,2,Chapati,Bakery,65,4,8,5,19,0,57.714285714285715,59.92857142857143
2026-05-09,2,Chapati,Bakery,64,5,9,5,19,1,59.142857142857146,60.285714285714285
2026-05-10,2,Chapati,Bakery,66,6,10,5,19,1,59.857142857142854,58.857142857142854
2026-05-11,2,Chapati,Bakery,56,0,11,5,20,0,58.714285714285715,59.42857142857143
2026-05-12,2,Chapati,Bakery,50,1,12,5,20,0,57.714285714285715,59.07142857142857
2026-05-13,2,Chapati,Bakery,52,2,13,5,20,0,58.57142857142857,58.214285714285715
2026-05-14,2,Chapati,Bakery,56,3,14,5,20,0,58.42857142857143,57.92857142857143
2026-05-15,2,Chapati,Bakery,61,4,15,5,20,0,57.857142857142854,57.785714285714285
2026-05-16,2,Chapati,Bakery,54,5,16,5,20,1,56.42857142857143,57.785714285714285
2026-05-17,2,Chapati,Bakery,84,6,17,5,20,1,59.0,59.42857142857143
2026-05-18,2,Chapati,Bakery,56,0,18,5,21,0,59.0,58.857142857142854
2026-05-19,2,Chapati,Bakery,53,1,19,5,21,0,59.42857142857143,58.57142857142857
2026-05-20,2,Chapati,Bakery,52,2,20,5,21,0,59.42857142857143,59.0
2026-05-21,2,Chapati,Bakery,65,3,21,5,21,0,60.714285714285715,59.57142857142857
2026-05-22,2,Chapati,Bakery,54,4,22,5,21,0,59.714285714285715,58.785714285714285
2026-05-23,2,Chapati,Bakery,69,5,23,5,21,1,61.857142857142854,59.142857142857146
2026-05-24,2,Chapati,Bakery,89,6,24,5,21,1,62.57142857142857,60.785714285714285
2026-05-25,2,Chapati,Bakery,53,0,25,5,22,0,62.142857142857146,60.57142857142857
2026-05-26,2,Chapati,Bakery,46,1,26,5,22,0,61.142857142857146,60.285714285714285
2026-05-27,2,Chapati,Bakery,58,2,27,5,22,0,62.0,60.714285714285715
2026-05-28,2,Chapati,Bakery,59,3,28,5,22,0,61.142857142857146,60.92857142857143
2026-05-29,2,Chapati,Bakery,59,4,29,5,22,0,61.857142857142854,60.785714285714285
2026-05-30,2,Chapati,Bakery,69,5,30,5,22,1,61.857142857142854,61.857142857142854
2026-05-31,2,Chapati,Bakery,71,6,31,5,22,1,59.285714285714285,60.92857142857143
2026-06-01,2,Chapati,Bakery,58,0,1,6,23,0,60.0,61.07142857142857
2026-06-02,2,Chapati,Bakery,55,1,2,6,23,0,61.285714285714285,61.214285714285715
2026-06-03,2,Chapati,Bakery,61,2,3,6,23,0,61.714285714285715,61.857142857142854
2026-06-04,2,Chapati,Bakery,46,3,4,6,23,0,59.857142857142854,60.5
2026-06-05,2,Chapati,Bakery,53,4,5,6,23,0,59.0,60.42857142857143
2026-06-06,2,Chapati,Bakery,69,5,6,6,23,1,59.0,60.42857142857143
2026-06-07,2,Chapati,Bakery,77,6,7,6,23,1,59.857142857142854,59.57142857142857
2026-06-08,2,Chapati,Bakery,50,0,8,6,24,0,58.714285714285715,59.357142857142854
2026-06-09,2,Chapati,Bakery,49,1,9,6,24,0,57.857142857142854,59.57142857142857
2026-06-10,2,Chapati,Bakery,53,2,10,6,24,0,56.714285714285715,59.214285714285715
2026-06-11,2,Chapati,Bakery,52,3,11,6,24,0,57.57142857142857,58.714285714285715
2026-06-12,2,Chapati,Bakery,58,4,12,6,24,0,58.285714285714285,58.642857142857146
2026-06-13,2,Chapati,Bakery,74,5,13,6,24,1,59.0,59.0
2026-06-14,2,Chapati,Bakery,63,6,14,6,24,1,57.0,58.42857142857143
2026-06-15,2,Chapati,Bakery,53,0,15,6,25,0,57.42857142857143,58.07142857142857
2026-06-16,2,Chapati,Bakery,49,1,16,6,25,0,57.42857142857143,57.642857142857146
2026-06-17,2,Chapati,Bakery,58,2,17,6,25,0,58.142857142857146,57.42857142857143
2026-06-18,2,Chapati,Bakery,59,3,18,6,25,0,59.142857142857146,58.357142857142854
2026-06-19,2,Chapati,Bakery,46,4,19,6,25,0,57.42857142857143,57.857142857142854
2026-06-20,2,Chapati,Bakery,56,5,20,6,25,1,54.857142857142854,56.92857142857143
2026-06-21,2,Chapati,Bakery,73,6,21,6,25,1,56.285714285714285,56.642857142857146
2026-06-22,2,Chapati,Bakery,71,0,22,6,26,0,58.857142857142854,58.142857142857146
2026-06-23,2,Chapati,Bakery,61,1,23,6,26,0,60.57142857142857,59.0
2026-06-24,2,Chapati,Bakery,50,2,24,6,26,0,59.42857142857143,58.785714285714285
2026-06-25,2,Chapati,Bakery,55,3,25,6,26,0,58.857142857142854,59.0
2026-06-26,2,Chapati,Bakery,59,4,26,6,26,0,60.714285714285715,59.07142857142857
2026-06-27,2,Chapati,Bakery,54,5,27,6,26,1,60.42857142857143,57.642857142857146
2026-06-28,2,Chapati,Bakery,77,6,28,6,26,1,61.0,58.642857142857146
2026-06-29,2,Chapati,Bakery,57,0,29,6,27,0,59.0,58.92857142857143
2026-06-30,2,Chapati,Bakery,45,1,30,6,27,0,56.714285714285715,58.642857142857146
2026-07-01,2,Chapati,Bakery,46,2,1,7,27,0,56.142857142857146,57.785714285714285
2026-07-02,2,Chapati,Bakery,47,3,2,7,27,0,55.0,56.92857142857143
2026-07-03,2,Chapati,Bakery,49,4,3,7,27,0,53.57142857142857,57.142857142857146
2026-07-04,2,Chapati,Bakery,67,5,4,7,27,1,55.42857142857143,57.92857142857143
2026-07-05,2,Chapati,Bakery,62,6,5,7,27,1,53.285714285714285,57.142857142857146
2026-07-06,2,Chapati,Bakery,61,0,6,7,28,0,53.857142857142854,56.42857142857143
2026-07-07,2,Chapati,Bakery,45,1,7,7,28,0,53.857142857142854,55.285714285714285
2026-07-08,2,Chapati,Bakery,45,2,8,7,28,0,53.714285714285715,54.92857142857143
2026-07-09,2,Chapati,Bakery,56,3,9,7,28,0,55.0,55.0
2026-07-10,2,Chapati,Bakery,63,4,10,7,28,0,57.0,55.285714285714285
2026-07-11,2,Chapati,Bakery,75,5,11,7,28,1,58.142857142857146,56.785714285714285
2026-07-12,2,Chapati,Bakery,67,6,12,7,28,1,58.857142857142854,56.07142857142857
2026-07-13,2,Chapati,Bakery,60,0,13,7,29,0,58.714285714285715,56.285714285714285
2026-07-14,2,Chapati,Bakery,45,1,14,7,29,0,58.714285714285715,56.285714285714285
2026-07-15,2,Chapati,Bakery,59,2,15,7,29,0,60.714285714285715,57.214285714285715
2026-07-16,2,Chapati,Bakery,47,3,16,7,29,0,59.42857142857143,57.214285714285715
2026-07-17,2,Chapati,Bakery,49,4,17,7,29,0,57.42857142857143,57.214285714285715
2026-07-18,2,Chapati,Bakery,61,5,18,7,29,1,55.42857142857143,56.785714285714285
2026-07-19,2,Chapati,Bakery,61,6,19,7,29,1,54.57142857142857,56.714285714285715
2026-07-20,2,Chapati,Bakery,48,0,20,7,30,0,52.857142857142854,55.785714285714285
2026-07-21,2,Chapati,Bakery,56,1,21,7,30,0,54.42857142857143,56.57142857142857
2026-07-22,2,Chapati,Bakery,63,2,22,7,30,0,55.0,57.857142857142854
2026-07-23,2,Chapati,Bakery,52,3,23,7,30,0,55.714285714285715,57.57142857142857
2026-07-24,2,Chapati,Bakery,44,4,24,7,30,0,55.0,56.214285714285715
2026-07-25,2,Chapati,Bakery,56,5,25,7,30,1,54.285714285714285,54.857142857142854
2026-07-26,2,Chapati,Bakery,84,6,26,7,30,1,57.57142857142857,56.07142857142857
2026-07-27,2,Chapati,Bakery,56,0,27,7,31,0,58.714285714285715,55.785714285714285
2026-07-28,2,Chapati,Bakery,65,1,28,7,31,0,60.0,57.214285714285715
2026-07-29,2,Chapati,Bakery,65,2,29,7,31,0,60.285714285714285,57.642857142857146
2026-07-30,2,Chapati,Bakery,57,3,30,7,31,0,61.0,58.357142857142854
2026-07-31,2,Chapati,Bakery,56,4,31,7,31,0,62.714285714285715,58.857142857142854
2025-08-01,3,Vegetable Curry,Cooked Food,31,4,1,8,31,0,31.0,31.0
2025-08-02,3,Vegetable Curry,Cooked Food,37,5,2,8,31,1,34.0,34.0
2025-08-03,3,Vegetable Curry,Cooked Food,54,6,3,8,31,1,40.666666666666664,40.666666666666664
2025-08-04,3,Vegetable Curry,Cooked Food,32,0,4,8,32,0,38.5,38.5
2025-08-05,3,Vegetable Curry,Cooked Food,33,1,5,8,32,0,37.4,37.4
2025-08-06,3,Vegetable Curry,Cooked Food,31,2,6,8,32,0,36.333333333333336,36.333333333333336
2025-08-07,3,Vegetable Curry,Cooked Food,33,3,7,8,32,0,35.857142857142854,35.857142857142854
2025-08-08,3,Vegetable Curry,Cooked Food,30,4,8,8,32,0,35.714285714285715,35.125
2025-08-09,3,Vegetable Curry,Cooked Food,37,5,9,8,32,1,35.714285714285715,35.333333333333336
2025-08-10,3,Vegetable Curry,Cooked Food,51,6,10,8,32,1,35.285714285714285,36.9
2025-08-11,3,Vegetable Curry,Cooked Food,39,0,11,8,33,0,36.285714285714285,37.09090909090909
2025-08-12,3,Vegetable Curry,Cooked Food,29,1,12,8,33,0,35.714285714285715,36.416666666666664
2025-08-13,3,Vegetable Curry,Cooked Food,41,2,13,8,33,0,37.142857142857146,36.76923076923077
2025-08-14,3,Vegetable Curry,Cooked Food,29,3,14,8,33,0,36.57142857142857,36.214285714285715
2025-08-15,3,Vegetable Curry,Cooked Food,40,4,15,8,33,0,38.0,36.857142857142854
2025-08-16,3,Vegetable Curry,Cooked Food,46,5,16,8,33,1,39.285714285714285,37.5
2025-08-17,3,Vegetable Curry,Cooked Food,44,6,17,8,33,1,38.285714285714285,36.785714285714285
2025-08-18,3,Vegetable Curry,Cooked Food,42,0,18,8,34,0,38.714285714285715,37.5
2025-08-19,3,Vegetable Curry,Cooked Food,35,1,19,8,34,0,39.57142857142857,37.642857142857146
2025-08-20,3,Vegetable Curry,Cooked Food,29,2,20,8,34,0,37.857142857142854,37.5
2025-08-21,3,Vegetable Curry,Cooked Food,31,3,21,8,34,0,38.142857142857146,37.357142857142854
2025-08-22,3,Vegetable Curry,Cooked Food,41,4,22,8,34,0,38.285714285714285,38.142857142857146
2025-08-23,3,Vegetable Curry,Cooked Food,40,5,23,8,34,1,37.42857142857143,38.357142857142854
2025-08-24,3,Vegetable Curry,Cooked Food,55,6,24,8,34,1,39.0,38.642857142857146
2025-08-25,3,Vegetable Curry,Cooked Food,37,0,25,8,35,0,38.285714285714285,38.5
2025-08-26,3,Vegetable Curry,Cooked Food,39,1,26,8,35,0,38.857142857142854,39.214285714285715
2025-08-27,3,Vegetable Curry,Cooked Food,31,2,27,8,35,0,39.142857142857146,38.5
2025-08-28,3,Vegetable Curry,Cooked Food,30,3,28,8,35,0,39.0,38.57142857142857
2025-08-29,3,Vegetable Curry,Cooked Food,35,4,29,8,35,0,38.142857142857146,38.214285714285715
2025-08-30,3,Vegetable Curry,Cooked Food,37,5,30,8,35,1,37.714285714285715,37.57142857142857
2025-08-31,3,Vegetable Curry,Cooked Food,48,6,31,8,35,1,36.714285714285715,37.857142857142854
2025-09-01,3,Vegetable Curry,Cooked Food,35,0,1,9,36,0,36.42857142857143,37.357142857142854
2025-09-02,3,Vegetable Curry,Cooked Food,31,1,2,9,36,0,35.285714285714285,37.07142857142857
2025-09-03,3,Vegetable Curry,Cooked Food,36,2,3,9,36,0,36.0,37.57142857142857
2025-09-04,3,Vegetable Curry,Cooked Food,29,3,4,9,36,0,35.857142857142854,37.42857142857143
2025-09-05,3,Vegetable Curry,Cooked Food,36,4,5,9,36,0,36.0,37.07142857142857
2025-09-06,3,Vegetable Curry,Cooked Food,33,5,6,9,36,1,35.42857142857143,36.57142857142857
2025-09-07,3,Vegetable Curry,Cooked Food,40,6,7,9,36,1,34.285714285714285,35.5
2025-09-08,3,Vegetable Curry,Cooked Food,35,0,8,9,37,0,34.285714285714285,35.357142857142854
2025-09-09,3,Vegetable Curry,Cooked Food,38,1,9,9,37,0,35.285714285714285,35.285714285714285
2025-09-10,3,Vegetable Curry,Cooked Food,39,2,10,9,37,0,35.714285714285715,35.857142857142854
2025-09-11,3,Vegetable Curry,Cooked Food,39,3,11,9,37,0,37.142857142857146,36.5
2025-09-12,3,Vegetable Curry,Cooked Food,34,4,12,9,37,0,36.857142857142854,36.42857142857143
2025-09-13,3,Vegetable Curry,Cooked Food,49,5,13,9,37,1,39.142857142857146,37.285714285714285
2025-09-14,3,Vegetable Curry,Cooked Food,57,6,14,9,37,1,41.57142857142857,37.92857142857143
2025-09-15,3,Vegetable Curry,Cooked Food,40,0,15,9,38,0,42.285714285714285,38.285714285714285
2025-09-16,3,Vegetable Curry,Cooked Food,35,1,16,9,38,0,41.857142857142854,38.57142857142857
2025-09-17,3,Vegetable Curry,Cooked Food,32,2,17,9,38,0,40.857142857142854,38.285714285714285
2025-09-18,3,Vegetable Curry,Cooked Food,29,3,18,9,38,0,39.42857142857143,38.285714285714285
2025-09-19,3,Vegetable Curry,Cooked Food,28,4,19,9,38,0,38.57142857142857,37.714285714285715
2025-09-20,3,Vegetable Curry,Cooked Food,41,5,20,9,38,1,37.42857142857143,38.285714285714285
2025-09-21,3,Vegetable Curry,Cooked Food,54,6,21,9,38,1,37.0,39.285714285714285
2025-09-22,3,Vegetable Curry,Cooked Food,43,0,22,9,39,0,37.42857142857143,39.857142857142854
2025-09-23,3,Vegetable Curry,Cooked Food,37,1,23,9,39,0,37.714285714285715,39.785714285714285
2025-09-24,3,Vegetable Curry,Cooked Food,35,2,24,9,39,0,38.142857142857146,39.5
2025-09-25,3,Vegetable Curry,Cooked Food,36,3,25,9,39,0,39.142857142857146,39.285714285714285
2025-09-26,3,Vegetable Curry,Cooked Food,40,4,26,9,39,0,40.857142857142854,39.714285714285715
2025-09-27,3,Vegetable Curry,Cooked Food,44,5,27,9,39,1,41.285714285714285,39.357142857142854
2025-09-28,3,Vegetable Curry,Cooked Food,43,6,28,9,39,1,39.714285714285715,38.357142857142854
2025-09-29,3,Vegetable Curry,Cooked Food,37,0,29,9,40,0,38.857142857142854,38.142857142857146
2025-09-30,3,Vegetable Curry,Cooked Food,32,1,30,9,40,0,38.142857142857146,37.92857142857143
2025-10-01,3,Vegetable Curry,Cooked Food,31,2,1,10,40,0,37.57142857142857,37.857142857142854
2025-10-02,3,Vegetable Curry,Cooked Food,34,3,2,10,40,0,37.285714285714285,38.214285714285715
2025-10-03,3,Vegetable Curry,Cooked Food,29,4,3,10,40,0,35.714285714285715,38.285714285714285
2025-10-04,3,Vegetable Curry,Cooked Food,46,5,4,10,40,1,36.0,38.642857142857146
2025-10-05,3,Vegetable Curry,Cooked Food,51,6,5,10,40,1,37.142857142857146,38.42857142857143
2025-10-06,3,Vegetable Curry,Cooked Food,32,0,6,10,41,0,36.42857142857143,37.642857142857146
2025-10-07,3,Vegetable Curry,Cooked Food,38,1,7,10,41,0,37.285714285714285,37.714285714285715
2025-10-08,3,Vegetable Curry,Cooked Food,41,2,8,10,41,0,38.714285714285715,38.142857142857146
2025-10-09,3,Vegetable Curry,Cooked Food,39,3,9,10,41,0,39.42857142857143,38.357142857142854
2025-10-10,3,Vegetable Curry,Cooked Food,35,4,10,10,41,0,40.285714285714285,38.0
2025-10-11,3,Vegetable Curry,Cooked Food,45,5,11,10,41,1,40.142857142857146,38.07142857142857
2025-10-12,3,Vegetable Curry,Cooked Food,47,6,12,10,41,1,39.57142857142857,38.357142857142854
2025-10-13,3,Vegetable Curry,Cooked Food,37,0,13,10,42,0,40.285714285714285,38.357142857142854
2025-10-14,3,Vegetable Curry,Cooked Food,32,1,14,10,42,0,39.42857142857143,38.357142857142854
2025-10-15,3,Vegetable Curry,Cooked Food,34,2,15,10,42,0,38.42857142857143,38.57142857142857
2025-10-16,3,Vegetable Curry,Cooked Food,37,3,16,10,42,0,38.142857142857146,38.785714285714285
2025-10-17,3,Vegetable Curry,Cooked Food,37,4,17,10,42,0,38.42857142857143,39.357142857142854
2025-10-18,3,Vegetable Curry,Cooked Food,36,5,18,10,42,1,37.142857142857146,38.642857142857146
2025-10-19,3,Vegetable Curry,Cooked Food,42,6,19,10,42,1,36.42857142857143,38.0
2025-10-20,3,Vegetable Curry,Cooked Food,41,0,20,10,43,0,37.0,38.642857142857146
2025-10-21,3,Vegetable Curry,Cooked Food,30,1,21,10,43,0,36.714285714285715,38.07142857142857
2025-10-22,3,Vegetable Curry,Cooked Food,28,2,22,10,43,0,35.857142857142854,37.142857142857146
2025-10-23,3,Vegetable Curry,Cooked Food,39,3,23,10,43,0,36.142857142857146,37.142857142857146
2025-10-24,3,Vegetable Curry,Cooked Food,36,4,24,10,43,0,36.0,37.214285714285715
2025-10-25,3,Vegetable Curry,Cooked Food,36,5,25,10,43,1,36.0,36.57142857142857
2025-10-26,3,Vegetable Curry,Cooked Food,52,6,26,10,43,1,37.42857142857143,36.92857142857143
2025-10-27,3,Vegetable Curry,Cooked Food,37,0,27,10,44,0,36.857142857142854,36.92857142857143
2025-10-28,3,Vegetable Curry,Cooked Food,38,1,28,10,44,0,38.0,37.357142857142854
2025-10-29,3,Vegetable Curry,Cooked Food,34,2,29,10,44,0,38.857142857142854,37.357142857142854
2025-10-30,3,Vegetable Curry,Cooked Food,39,3,30,10,44,0,38.857142857142854,37.5
2025-10-31,3,Vegetable Curry,Cooked Food,34,4,31,10,44,0,38.57142857142857,37.285714285714285
2025-11-01,3,Vegetable Curry,Cooked Food,39,5,1,11,44,1,39.0,37.5
2025-11-02,3,Vegetable Curry,Cooked Food,54,6,2,11,44,1,39.285714285714285,38.357142857142854
2025-11-03,3,Vegetable Curry,Cooked Food,46,0,3,11,45,0,40.57142857142857,38.714285714285715
2025-11-04,3,Vegetable Curry,Cooked Food,38,1,4,11,45,0,40.57142857142857,39.285714285714285
2025-11-05,3,Vegetable Curry,Cooked Food,36,2,5,11,45,0,40.857142857142854,39.857142857142854
2025-11-06,3,Vegetable Curry,Cooked Food,34,3,6,11,45,0,40.142857142857146,39.5
2025-11-07,3,Vegetable Curry,Cooked Food,41,4,7,11,45,0,41.142857142857146,39.857142857142854
2025-11-08,3,Vegetable Curry,Cooked Food,38,5,8,11,45,1,41.0,40.0
2025-11-09,3,Vegetable Curry,Cooked Food,49,6,9,11,45,1,40.285714285714285,39.785714285714285
2025-11-10,3,Vegetable Curry,Cooked Food,37,0,10,11,46,0,39.0,39.785714285714285
2025-11-11,3,Vegetable Curry,Cooked Food,38,1,11,11,46,0,39.0,39.785714285714285
2025-11-12,3,Vegetable Curry,Cooked Food,28,2,12,11,46,0,37.857142857142854,39.357142857142854
2025-11-13,3,Vegetable Curry,Cooked Food,38,3,13,11,46,0,38.42857142857143,39.285714285714285
2025-11-14,3,Vegetable Curry,Cooked Food,37,4,14,11,46,0,37.857142857142854,39.5
2025-11-15,3,Vegetable Curry,Cooked Food,48,5,15,11,46,1,39.285714285714285,40.142857142857146
2025-11-16,3,Vegetable Curry,Cooked Food,40,6,16,11,46,1,38.0,39.142857142857146
2025-11-17,3,Vegetable Curry,Cooked Food,35,0,17,11,47,0,37.714285714285715,38.357142857142854
2025-11-18,3,Vegetable Curry,Cooked Food,40,1,18,11,47,0,38.0,38.5
2025-11-19,3,Vegetable Curry,Cooked Food,28,2,19,11,47,0,38.0,37.92857142857143
2025-11-20,3,Vegetable Curry,Cooked Food,36,3,20,11,47,0,37.714285714285715,38.07142857142857
2025-11-21,3,Vegetable Curry,Cooked Food,36,4,21,11,47,0,37.57142857142857,37.714285714285715
2025-11-22,3,Vegetable Curry,Cooked Food,45,5,22,11,47,1,37.142857142857146,38.214285714285715
2025-11-23,3,Vegetable Curry,Cooked Food,50,6,23,11,47,1,38.57142857142857,38.285714285714285
2025-11-24,3,Vegetable Curry,Cooked Food,40,0,24,11,48,0,39.285714285714285,38.5
2025-11-25,3,Vegetable Curry,Cooked Food,32,1,25,11,48,0,38.142857142857146,38.07142857142857
2025-11-26,3,Vegetable Curry,Cooked Food,39,2,26,11,48,0,39.714285714285715,38.857142857142854
2025-11-27,3,Vegetable Curry,Cooked Food,41,3,27,11,48,0,40.42857142857143,39.07142857142857
2025-11-28,3,Vegetable Curry,Cooked Food,33,4,28,11,48,0,40.0,38.785714285714285
2025-11-29,3,Vegetable Curry,Cooked Food,47,5,29,11,48,1,40.285714285714285,38.714285714285715
2025-11-30,3,Vegetable Curry,Cooked Food,42,6,30,11,48,1,39.142857142857146,38.857142857142854
2025-12-01,3,Vegetable Curry,Cooked Food,35,0,1,12,49,0,38.42857142857143,38.857142857142854
2025-12-02,3,Vegetable Curry,Cooked Food,41,1,2,12,49,0,39.714285714285715,38.92857142857143
2025-12-03,3,Vegetable Curry,Cooked Food,41,2,3,12,49,0,40.0,39.857142857142854
2025-12-04,3,Vegetable Curry,Cooked Food,35,3,4,12,49,0,39.142857142857146,39.785714285714285
2025-12-05,3,Vegetable Curry,Cooked Food,37,4,5,12,49,0,39.714285714285715,39.857142857142854
2025-12-06,3,Vegetable Curry,Cooked Food,34,5,6,12,49,1,37.857142857142854,39.07142857142857
2025-12-07,3,Vegetable Curry,Cooked Food,38,6,7,12,49,1,37.285714285714285,38.214285714285715
2025-12-08,3,Vegetable Curry,Cooked Food,31,0,8,12,50,0,36.714285714285715,37.57142857142857
2025-12-09,3,Vegetable Curry,Cooked Food,38,1,9,12,50,0,36.285714285714285,38.0
2025-12-10,3,Vegetable Curry,Cooked Food,38,2,10,12,50,0,35.857142857142854,37.92857142857143
2025-12-11,3,Vegetable Curry,Cooked Food,37,3,11,12,50,0,36.142857142857146,37.642857142857146
2025-12-12,3,Vegetable Curry,Cooked Food,36,4,12,12,50,0,36.0,37.857142857142854
2025-12-13,3,Vegetable Curry,Cooked Food,45,5,13,12,50,1,37.57142857142857,37.714285714285715
2025-12-14,3,Vegetable Curry,Cooked Food,45,6,14,12,50,1,38.57142857142857,37.92857142857143
2025-12-15,3,Vegetable Curry,Cooked Food,45,0,15,12,51,0,40.57142857142857,38.642857142857146
2025-12-16,3,Vegetable Curry,Cooked Food,36,1,16,12,51,0,40.285714285714285,38.285714285714285
2025-12-17,3,Vegetable Curry,Cooked Food,38,2,17,12,51,0,40.285714285714285,38.07142857142857
2025-12-18,3,Vegetable Curry,Cooked Food,29,3,18,12,51,0,39.142857142857146,37.642857142857146
2025-12-19,3,Vegetable Curry,Cooked Food,39,4,19,12,51,0,39.57142857142857,37.785714285714285
2025-12-20,3,Vegetable Curry,Cooked Food,45,5,20,12,51,1,39.57142857142857,38.57142857142857
2025-12-21,3,Vegetable Curry,Cooked Food,50,6,21,12,51,1,40.285714285714285,39.42857142857143
2025-12-22,3,Vegetable Curry,Cooked Food,42,0,22,12,52,0,39.857142857142854,40.214285714285715
2025-12-23,3,Vegetable Curry,Cooked Food,37,1,23,12,52,0,40.0,40.142857142857146
2025-12-24,3,Vegetable Curry,Cooked Food,37,2,24,12,52,0,39.857142857142854,40.07142857142857
2025-12-25,3,Vegetable Curry,Cooked Food,30,3,25,12,52,0,40.0,39.57142857142857
2025-12-26,3,Vegetable Curry,Cooked Food,37,4,26,12,52,0,39.714285714285715,39.642857142857146
2025-12-27,3,Vegetable Curry,Cooked Food,49,5,27,12,52,1,40.285714285714285,39.92857142857143
2025-12-28,3,Vegetable Curry,Cooked Food,44,6,28,12,52,1,39.42857142857143,39.857142857142854
2025-12-29,3,Vegetable Curry,Cooked Food,39,0,29,12,1,0,39.0,39.42857142857143
2025-12-30,3,Vegetable Curry,Cooked Food,29,1,30,12,1,0,37.857142857142854,38.92857142857143
2025-12-31,3,Vegetable Curry,Cooked Food,30,2,31,12,1,0,36.857142857142854,38.357142857142854
2026-01-01,3,Vegetable Curry,Cooked Food,38,3,1,1,1,0,38.0,39.0
2026-01-02,3,Vegetable Curry,Cooked Food,36,4,2,1,1,0,37.857142857142854,38.785714285714285
2026-01-03,3,Vegetable Curry,Cooked Food,38,5,3,1,1,1,36.285714285714285,38.285714285714285
2026-01-04,3,Vegetable Curry,Cooked Food,48,6,4,1,1,1,36.857142857142854,38.142857142857146
2026-01-05,3,Vegetable Curry,Cooked Food,35,0,5,1,2,0,36.285714285714285,37.642857142857146
2026-01-06,3,Vegetable Curry,Cooked Food,35,1,6,1,2,0,37.142857142857146,37.5
2026-01-07,3,Vegetable Curry,Cooked Food,31,2,7,1,2,0,37.285714285714285,37.07142857142857
2026-01-08,3,Vegetable Curry,Cooked Food,37,3,8,1,2,0,37.142857142857146,37.57142857142857
2026-01-09,3,Vegetable Curry,Cooked Food,29,4,9,1,2,0,36.142857142857146,37.0
2026-01-10,3,Vegetable Curry,Cooked Food,39,5,10,1,2,1,36.285714285714285,36.285714285714285
2026-01-11,3,Vegetable Curry,Cooked Food,51,6,11,1,2,1,36.714285714285715,36.785714285714285
2026-01-12,3,Vegetable Curry,Cooked Food,34,0,12,1,3,0,36.57142857142857,36.42857142857143
2026-01-13,3,Vegetable Curry,Cooked Food,28,1,13,1,3,0,35.57142857142857,36.357142857142854
2026-01-14,3,Vegetable Curry,Cooked Food,39,2,14,1,3,0,36.714285714285715,37.0
2026-01-15,3,Vegetable Curry,Cooked Food,38,3,15,1,3,0,36.857142857142854,37.0
2026-01-16,3,Vegetable Curry,Cooked Food,41,4,16,1,3,0,38.57142857142857,37.357142857142854
2026-01-17,3,Vegetable Curry,Cooked Food,47,5,17,1,3,1,39.714285714285715,38.0
2026-01-18,3,Vegetable Curry,Cooked Food,55,6,18,1,3,1,40.285714285714285,38.5
2026-01-19,3,Vegetable Curry,Cooked Food,34,0,19,1,4,0,40.285714285714285,38.42857142857143
2026-01-20,3,Vegetable Curry,Cooked Food,33,1,20,1,4,0,41.0,38.285714285714285
2026-01-21,3,Vegetable Curry,Cooked Food,39,2,21,1,4,0,41.0,38.857142857142854
2026-01-22,3,Vegetable Curry,Cooked Food,39,3,22,1,4,0,41.142857142857146,39.0
2026-01-23,3,Vegetable Curry,Cooked Food,33,4,23,1,4,0,40.0,39.285714285714285
2026-01-24,3,Vegetable Curry,Cooked Food,37,5,24,1,4,1,38.57142857142857,39.142857142857146
2026-01-25,3,Vegetable Curry,Cooked Food,57,6,25,1,4,1,38.857142857142854,39.57142857142857
2026-01-26,3,Vegetable Curry,Cooked Food,40,0,26,1,5,0,39.714285714285715,40.0
2026-01-27,3,Vegetable Curry,Cooked Food,38,1,27,1,5,0,40.42857142857143,40.714285714285715
2026-01-28,3,Vegetable Curry,Cooked Food,34,2,28,1,5,0,39.714285714285715,40.357142857142854
2026-01-29,3,Vegetable Curry,Cooked Food,28,3,29,1,5,0,38.142857142857146,39.642857142857146
2026-01-30,3,Vegetable Curry,Cooked Food,38,4,30,1,5,0,38.857142857142854,39.42857142857143
2026-01-31,3,Vegetable Curry,Cooked Food,48,5,31,1,5,1,40.42857142857143,39.5
2026-02-01,3,Vegetable Curry,Cooked Food,48,6,1,2,5,1,39.142857142857146,39.0
2026-02-02,3,Vegetable Curry,Cooked Food,32,0,2,2,6,0,38.0,38.857142857142854
2026-02-03,3,Vegetable Curry,Cooked Food,40,1,3,2,6,0,38.285714285714285,39.357142857142854
2026-02-04,3,Vegetable Curry,Cooked Food,33,2,4,2,6,0,38.142857142857146,38.92857142857143
2026-02-05,3,Vegetable Curry,Cooked Food,28,3,5,2,6,0,38.142857142857146,38.142857142857146
2026-02-06,3,Vegetable Curry,Cooked Food,33,4,6,2,6,0,37.42857142857143,38.142857142857146
2026-02-07,3,Vegetable Curry,Cooked Food,45,5,7,2,6,1,37.0,38.714285714285715
2026-02-08,3,Vegetable Curry,Cooked Food,44,6,8,2,6,1,36.42857142857143,37.785714285714285
2026-02-09,3,Vegetable Curry,Cooked Food,32,0,9,2,7,0,36.42857142857143,37.214285714285715
2026-02-10,3,Vegetable Curry,Cooked Food,39,1,10,2,7,0,36.285714285714285,37.285714285714285
2026-02-11,3,Vegetable Curry,Cooked Food,29,2,11,2,7,0,35.714285714285715,36.92857142857143
2026-02-12,3,Vegetable Curry,Cooked Food,29,3,12,2,7,0,35.857142857142854,37.0
2026-02-13,3,Vegetable Curry,Cooked Food,41,4,13,2,7,0,37.0,37.214285714285715
2026-02-14,3,Vegetable Curry,Cooked Food,36,5,14,2,7,1,35.714285714285715,36.357142857142854
2026-02-15,3,Vegetable Curry,Cooked Food,44,6,15,2,7,1,35.714285714285715,36.07142857142857
2026-02-16,3,Vegetable Curry,Cooked Food,39,0,16,2,8,0,36.714285714285715,36.57142857142857
2026-02-17,3,Vegetable Curry,Cooked Food,37,1,17,2,8,0,36.42857142857143,36.357142857142854
2026-02-18,3,Vegetable Curry,Cooked Food,36,2,18,2,8,0,37.42857142857143,36.57142857142857
2026-02-19,3,Vegetable Curry,Cooked Food,32,3,19,2,8,0,37.857142857142854,36.857142857142854
2026-02-20,3,Vegetable Curry,Cooked Food,34,4,20,2,8,0,36.857142857142854,36.92857142857143
2026-02-21,3,Vegetable Curry,Cooked Food,49,5,21,2,8,1,38.714285714285715,37.214285714285715
2026-02-22,3,Vegetable Curry,Cooked Food,40,6,22,2,8,1,38.142857142857146,36.92857142857143
2026-02-23,3,Vegetable Curry,Cooked Food,39,0,23,2,9,0,38.142857142857146,37.42857142857143
2026-02-24,3,Vegetable Curry,Cooked Food,41,1,24,2,9,0,38.714285714285715,37.57142857142857
2026-02-25,3,Vegetable Curry,Cooked Food,37,2,25,2,9,0,38.857142857142854,38.142857142857146
2026-02-26,3,Vegetable Curry,Cooked Food,33,3,26,2,9,0,39.0,38.42857142857143
2026-02-27,3,Vegetable Curry,Cooked Food,31,4,27,2,9,0,38.57142857142857,37.714285714285715
2026-02-28,3,Vegetable Curry,Cooked Food,49,5,28,2,9,1,38.57142857142857,38.642857142857146
2026-03-01,3,Vegetable Curry,Cooked Food,47,6,1,3,9,1,39.57142857142857,38.857142857142854
2026-03-02,3,Vegetable Curry,Cooked Food,42,0,2,3,10,0,40.0,39.07142857142857
2026-03-03,3,Vegetable Curry,Cooked Food,33,1,3,3,10,0,38.857142857142854,38.785714285714285
2026-03-04,3,Vegetable Curry,Cooked Food,34,2,4,3,10,0,38.42857142857143,38.642857142857146
2026-03-05,3,Vegetable Curry,Cooked Food,36,3,5,3,10,0,38.857142857142854,38.92857142857143
2026-03-06,3,Vegetable Curry,Cooked Food,28,4,6,3,10,0,38.42857142857143,38.5
2026-03-07,3,Vegetable Curry,Cooked Food,45,5,7,3,10,1,37.857142857142854,38.214285714285715
2026-03-08,3,Vegetable Curry,Cooked Food,41,6,8,3,10,1,37.0,38.285714285714285
2026-03-09,3,Vegetable Curry,Cooked Food,40,0,9,3,11,0,36.714285714285715,38.357142857142854
2026-03-10,3,Vegetable Curry,Cooked Food,30,1,10,3,11,0,36.285714285714285,37.57142857142857
2026-03-11,3,Vegetable Curry,Cooked Food,37,2,11,3,11,0,36.714285714285715,37.57142857142857
2026-03-12,3,Vegetable Curry,Cooked Food,37,3,12,3,11,0,36.857142857142854,37.857142857142854
2026-03-13,3,Vegetable Curry,Cooked Food,37,4,13,3,11,0,38.142857142857146,38.285714285714285
2026-03-14,3,Vegetable Curry,Cooked Food,34,5,14,3,11,1,36.57142857142857,37.214285714285715
2026-03-15,3,Vegetable Curry,Cooked Food,46,6,15,3,11,1,37.285714285714285,37.142857142857146
2026-03-16,3,Vegetable Curry,Cooked Food,44,0,16,3,12,0,37.857142857142854,37.285714285714285
2026-03-17,3,Vegetable Curry,Cooked Food,40,1,17,3,12,0,39.285714285714285,37.785714285714285
2026-03-18,3,Vegetable Curry,Cooked Food,40,2,18,3,12,0,39.714285714285715,38.214285714285715
2026-03-19,3,Vegetable Curry,Cooked Food,35,3,19,3,12,0,39.42857142857143,38.142857142857146
2026-03-20,3,Vegetable Curry,Cooked Food,34,4,20,3,12,0,39.0,38.57142857142857
2026-03-21,3,Vegetable Curry,Cooked Food,47,5,21,3,12,1,40.857142857142854,38.714285714285715
2026-03-22,3,Vegetable Curry,Cooked Food,44,6,22,3,12,1,40.57142857142857,38.92857142857143
2026-03-23,3,Vegetable Curry,Cooked Food,30,0,23,3,13,0,38.57142857142857,38.214285714285715
2026-03-24,3,Vegetable Curry,Cooked Food,40,1,24,3,13,0,38.57142857142857,38.92857142857143
2026-03-25,3,Vegetable Curry,Cooked Food,29,2,25,3,13,0,37.0,38.357142857142854
2026-03-26,3,Vegetable Curry,Cooked Food,37,3,26,3,13,0,37.285714285714285,38.357142857142854
2026-03-27,3,Vegetable Curry,Cooked Food,29,4,27,3,13,0,36.57142857142857,37.785714285714285
2026-03-28,3,Vegetable Curry,Cooked Food,42,5,28,3,13,1,35.857142857142854,38.357142857142854
2026-03-29,3,Vegetable Curry,Cooked Food,48,6,29,3,13,1,36.42857142857143,38.5
2026-03-30,3,Vegetable Curry,Cooked Food,42,0,30,3,14,0,38.142857142857146,38.357142857142854
2026-03-31,3,Vegetable Curry,Cooked Food,41,1,31,3,14,0,38.285714285714285,38.42857142857143
2026-04-01,3,Vegetable Curry,Cooked Food,41,2,1,4,14,0,40.0,38.5
2026-04-02,3,Vegetable Curry,Cooked Food,37,3,2,4,14,0,40.0,38.642857142857146
2026-04-03,3,Vegetable Curry,Cooked Food,28,4,3,4,14,0,39.857142857142854,38.214285714285715
2026-04-04,3,Vegetable Curry,Cooked Food,38,5,4,4,14,1,39.285714285714285,37.57142857142857
2026-04-05,3,Vegetable Curry,Cooked Food,38,6,5,4,14,1,37.857142857142854,37.142857142857146
2026-04-06,3,Vegetable Curry,Cooked Food,36,0,6,4,15,0,37.0,37.57142857142857
2026-04-07,3,Vegetable Curry,Cooked Food,38,1,7,4,15,0,36.57142857142857,37.42857142857143
2026-04-08,3,Vegetable Curry,Cooked Food,31,2,8,4,15,0,35.142857142857146,37.57142857142857
2026-04-09,3,Vegetable Curry,Cooked Food,34,3,9,4,15,0,34.714285714285715,37.357142857142854
2026-04-10,3,Vegetable Curry,Cooked Food,33,4,10,4,15,0,35.42857142857143,37.642857142857146
2026-04-11,3,Vegetable Curry,Cooked Food,43,5,11,4,15,1,36.142857142857146,37.714285714285715
2026-04-12,3,Vegetable Curry,Cooked Food,55,6,12,4,15,1,38.57142857142857,38.214285714285715
2026-04-13,3,Vegetable Curry,Cooked Food,33,0,13,4,16,0,38.142857142857146,37.57142857142857
2026-04-14,3,Vegetable Curry,Cooked Food,28,1,14,4,16,0,36.714285714285715,36.642857142857146
2026-04-15,3,Vegetable Curry,Cooked Food,30,2,15,4,16,0,36.57142857142857,35.857142857142854
2026-04-16,3,Vegetable Curry,Cooked Food,35,3,16,4,16,0,36.714285714285715,35.714285714285715
2026-04-17,3,Vegetable Curry,Cooked Food,33,4,17,4,16,0,36.714285714285715,36.07142857142857
2026-04-18,3,Vegetable Curry,Cooked Food,36,5,18,4,16,1,35.714285714285715,35.92857142857143
2026-04-19,3,Vegetable Curry,Cooked Food,54,6,19,4,16,1,35.57142857142857,37.07142857142857
2026-04-20,3,Vegetable Curry,Cooked Food,38,0,20,4,17,0,36.285714285714285,37.214285714285715
2026-04-21,3,Vegetable Curry,Cooked Food,37,1,21,4,17,0,37.57142857142857,37.142857142857146
2026-04-22,3,Vegetable Curry,Cooked Food,33,2,22,4,17,0,38.0,37.285714285714285
2026-04-23,3,Vegetable Curry,Cooked Food,28,3,23,4,17,0,37.0,36.857142857142854
2026-04-24,3,Vegetable Curry,Cooked Food,40,4,24,4,17,0,38.0,37.357142857142854
2026-04-25,3,Vegetable Curry,Cooked Food,40,5,25,4,17,1,38.57142857142857,37.142857142857146
2026-04-26,3,Vegetable Curry,Cooked Food,51,6,26,4,17,1,38.142857142857146,36.857142857142854
2026-04-27,3,Vegetable Curry,Cooked Food,33,0,27,4,18,0,37.42857142857143,36.857142857142854
2026-04-28,3,Vegetable Curry,Cooked Food,28,1,28,4,18,0,36.142857142857146,36.857142857142854
2026-04-29,3,Vegetable Curry,Cooked Food,40,2,29,4,18,0,37.142857142857146,37.57142857142857
2026-04-30,3,Vegetable Curry,Cooked Food,37,3,30,4,18,0,38.42857142857143,37.714285714285715
2026-05-01,3,Vegetable Curry,Cooked Food,32,4,1,5,18,0,37.285714285714285,37.642857142857146
2026-05-02,3,Vegetable Curry,Cooked Food,40,5,2,5,18,1,37.285714285714285,37.92857142857143
2026-05-03,3,Vegetable Curry,Cooked Food,43,6,3,5,18,1,36.142857142857146,37.142857142857146
2026-05-04,3,Vegetable Curry,Cooked Food,32,0,4,5,19,0,36.0,36.714285714285715
2026-05-05,3,Vegetable Curry,Cooked Food,38,1,5,5,19,0,37.42857142857143,36.785714285714285
2026-05-06,3,Vegetable Curry,Cooked Food,30,2,6,5,19,0,36.0,36.57142857142857
2026-05-07,3,Vegetable Curry,Cooked Food,32,3,7,5,19,0,35.285714285714285,36.857142857142854
2026-05-08,3,Vegetable Curry,Cooked Food,36,4,8,5,19,0,35.857142857142854,36.57142857142857
2026-05-09,3,Vegetable Curry,Cooked Food,40,5,9,5,19,1,35.857142857142854,36.57142857142857
2026-05-10,3,Vegetable Curry,Cooked Food,40,6,10,5,19,1,35.42857142857143,35.785714285714285
2026-05-11,3,Vegetable Curry,Cooked Food,43,0,11,5,20,0,37.0,36.5
2026-05-12,3,Vegetable Curry,Cooked Food,41,1,12,5,20,0,37.42857142857143,37.42857142857143
2026-05-13,3,Vegetable Curry,Cooked Food,39,2,13,5,20,0,38.714285714285715,37.357142857142854
2026-05-14,3,Vegetable Curry,Cooked Food,41,3,14,5,20,0,40.0,37.642857142857146
2026-05-15,3,Vegetable Curry,Cooked Food,33,4,15,5,20,0,39.57142857142857,37.714285714285715
2026-05-16,3,Vegetable Curry,Cooked Food,50,5,16,5,20,1,41.0,38.42857142857143
2026-05-17,3,Vegetable Curry,Cooked Food,45,6,17,5,20,1,41.714285714285715,38.57142857142857
2026-05-18,3,Vegetable Curry,Cooked Food,40,0,18,5,21,0,41.285714285714285,39.142857142857146
2026-05-19,3,Vegetable Curry,Cooked Food,28,1,19,5,21,0,39.42857142857143,38.42857142857143
2026-05-20,3,Vegetable Curry,Cooked Food,38,2,20,5,21,0,39.285714285714285,39.0
2026-05-21,3,Vegetable Curry,Cooked Food,29,3,21,5,21,0,37.57142857142857,38.785714285714285
2026-05-22,3,Vegetable Curry,Cooked Food,34,4,22,5,21,0,37.714285714285715,38.642857142857146
2026-05-23,3,Vegetable Curry,Cooked Food,44,5,23,5,21,1,36.857142857142854,38.92857142857143
2026-05-24,3,Vegetable Curry,Cooked Food,43,6,24,5,21,1,36.57142857142857,39.142857142857146
2026-05-25,3,Vegetable Curry,Cooked Food,39,0,25,5,22,0,36.42857142857143,38.857142857142854
2026-05-26,3,Vegetable Curry,Cooked Food,40,1,26,5,22,0,38.142857142857146,38.785714285714285
2026-05-27,3,Vegetable Curry,Cooked Food,36,2,27,5,22,0,37.857142857142854,38.57142857142857
2026-05-28,3,Vegetable Curry,Cooked Food,32,3,28,5,22,0,38.285714285714285,37.92857142857143
2026-05-29,3,Vegetable Curry,Cooked Food,35,4,29,5,22,0,38.42857142857143,38.07142857142857
2026-05-30,3,Vegetable Curry,Cooked Food,50,5,30,5,22,1,39.285714285714285,38.07142857142857
2026-05-31,3,Vegetable Curry,Cooked Food,38,6,31,5,22,1,38.57142857142857,37.57142857142857
2026-06-01,3,Vegetable Curry,Cooked Food,43,0,1,6,23,0,39.142857142857146,37.785714285714285
2026-06-02,3,Vegetable Curry,Cooked Food,30,1,2,6,23,0,37.714285714285715,37.92857142857143
2026-06-03,3,Vegetable Curry,Cooked Food,39,2,3,6,23,0,38.142857142857146,38.0
2026-06-04,3,Vegetable Curry,Cooked Food,39,3,4,6,23,0,39.142857142857146,38.714285714285715
2026-06-05,3,Vegetable Curry,Cooked Food,41,4,5,6,23,0,40.0,39.214285714285715
2026-06-06,3,Vegetable Curry,Cooked Food,36,5,6,6,23,1,38.0,38.642857142857146
2026-06-07,3,Vegetable Curry,Cooked Food,44,6,7,6,23,1,38.857142857142854,38.714285714285715
2026-06-08,3,Vegetable Curry,Cooked Food,45,0,8,6,24,0,39.142857142857146,39.142857142857146
2026-06-09,3,Vegetable Curry,Cooked Food,37,1,9,6,24,0,40.142857142857146,38.92857142857143
2026-06-10,3,Vegetable Curry,Cooked Food,34,2,10,6,24,0,39.42857142857143,38.785714285714285
2026-06-11,3,Vegetable Curry,Cooked Food,41,3,11,6,24,0,39.714285714285715,39.42857142857143
2026-06-12,3,Vegetable Curry,Cooked Food,33,4,12,6,24,0,38.57142857142857,39.285714285714285
2026-06-13,3,Vegetable Curry,Cooked Food,39,5,13,6,24,1,39.0,38.5
2026-06-14,3,Vegetable Curry,Cooked Food,53,6,14,6,24,1,40.285714285714285,39.57142857142857
2026-06-15,3,Vegetable Curry,Cooked Food,41,0,15,6,25,0,39.714285714285715,39.42857142857143
2026-06-16,3,Vegetable Curry,Cooked Food,33,1,16,6,25,0,39.142857142857146,39.642857142857146
2026-06-17,3,Vegetable Curry,Cooked Food,37,2,17,6,25,0,39.57142857142857,39.5
2026-06-18,3,Vegetable Curry,Cooked Food,39,3,18,6,25,0,39.285714285714285,39.5
2026-06-19,3,Vegetable Curry,Cooked Food,32,4,19,6,25,0,39.142857142857146,38.857142857142854
2026-06-20,3,Vegetable Curry,Cooked Food,42,5,20,6,25,1,39.57142857142857,39.285714285714285
2026-06-21,3,Vegetable Curry,Cooked Food,51,6,21,6,25,1,39.285714285714285,39.785714285714285
2026-06-22,3,Vegetable Curry,Cooked Food,35,0,22,6,26,0,38.42857142857143,39.07142857142857
2026-06-23,3,Vegetable Curry,Cooked Food,37,1,23,6,26,0,39.0,39.07142857142857
2026-06-24,3,Vegetable Curry,Cooked Food,28,2,24,6,26,0,37.714285714285715,38.642857142857146
2026-06-25,3,Vegetable Curry,Cooked Food,41,3,25,6,26,0,38.0,38.642857142857146
2026-06-26,3,Vegetable Curry,Cooked Food,38,4,26,6,26,0,38.857142857142854,39.0
2026-06-27,3,Vegetable Curry,Cooked Food,46,5,27,6,26,1,39.42857142857143,39.5
2026-06-28,3,Vegetable Curry,Cooked Food,50,6,28,6,26,1,39.285714285714285,39.285714285714285
2026-06-29,3,Vegetable Curry,Cooked Food,40,0,29,6,27,0,40.0,39.214285714285715
2026-06-30,3,Vegetable Curry,Cooked Food,29,1,30,6,27,0,38.857142857142854,38.92857142857143
2026-07-01,3,Vegetable Curry,Cooked Food,37,2,1,7,27,0,40.142857142857146,38.92857142857143
2026-07-02,3,Vegetable Curry,Cooked Food,29,3,2,7,27,0,38.42857142857143,38.214285714285715
2026-07-03,3,Vegetable Curry,Cooked Food,28,4,3,7,27,0,37.0,37.92857142857143
2026-07-04,3,Vegetable Curry,Cooked Food,39,5,4,7,27,1,36.0,37.714285714285715
2026-07-05,3,Vegetable Curry,Cooked Food,55,6,5,7,27,1,36.714285714285715,38.0
2026-07-06,3,Vegetable Curry,Cooked Food,44,0,6,7,28,0,37.285714285714285,38.642857142857146
2026-07-07,3,Vegetable Curry,Cooked Food,33,1,7,7,28,0,37.857142857142854,38.357142857142854
2026-07-08,3,Vegetable Curry,Cooked Food,34,2,8,7,28,0,37.42857142857143,38.785714285714285
2026-07-09,3,Vegetable Curry,Cooked Food,32,3,9,7,28,0,37.857142857142854,38.142857142857146
2026-07-10,3,Vegetable Curry,Cooked Food,38,4,10,7,28,0,39.285714285714285,38.142857142857146
2026-07-11,3,Vegetable Curry,Cooked Food,49,5,11,7,28,1,40.714285714285715,38.357142857142854
2026-07-12,3,Vegetable Curry,Cooked Food,48,6,12,7,28,1,39.714285714285715,38.214285714285715
2026-07-13,3,Vegetable Curry,Cooked Food,41,0,13,7,29,0,39.285714285714285,38.285714285714285
2026-07-14,3,Vegetable Curry,Cooked Food,35,1,14,7,29,0,39.57142857142857,38.714285714285715
2026-07-15,3,Vegetable Curry,Cooked Food,38,2,15,7,29,0,40.142857142857146,38.785714285714285
2026-07-16,3,Vegetable Curry,Cooked Food,30,3,16,7,29,0,39.857142857142854,38.857142857142854
2026-07-17,3,Vegetable Curry,Cooked Food,29,4,17,7,29,0,38.57142857142857,38.92857142857143
2026-07-18,3,Vegetable Curry,Cooked Food,35,5,18,7,29,1,36.57142857142857,38.642857142857146
2026-07-19,3,Vegetable Curry,Cooked Food,46,6,19,7,29,1,36.285714285714285,38.0
2026-07-20,3,Vegetable Curry,Cooked Food,43,0,20,7,30,0,36.57142857142857,37.92857142857143
2026-07-21,3,Vegetable Curry,Cooked Food,31,1,21,7,30,0,36.0,37.785714285714285
2026-07-22,3,Vegetable Curry,Cooked Food,39,2,22,7,30,0,36.142857142857146,38.142857142857146
2026-07-23,3,Vegetable Curry,Cooked Food,28,3,23,7,30,0,35.857142857142854,37.857142857142854
2026-07-24,3,Vegetable Curry,Cooked Food,36,4,24,7,30,0,36.857142857142854,37.714285714285715
2026-07-25,3,Vegetable Curry,Cooked Food,36,5,25,7,30,1,37.0,36.785714285714285
2026-07-26,3,Vegetable Curry,Cooked Food,45,6,26,7,30,1,36.857142857142854,36.57142857142857
2026-07-27,3,Vegetable Curry,Cooked Food,34,0,27,7,31,0,35.57142857142857,36.07142857142857
2026-07-28,3,Vegetable Curry,Cooked Food,41,1,28,7,31,0,37.0,36.5
2026-07-29,3,Vegetable Curry,Cooked Food,31,2,29,7,31,0,35.857142857142854,36.0
2026-07-30,3,Vegetable Curry,Cooked Food,39,3,30,7,31,0,37.42857142857143,36.642857142857146
2026-07-31,3,Vegetable Curry,Cooked Food,30,4,31,7,31,0,36.57142857142857,36.714285714285715
2025-08-01,4,Dal,Cooked Food,26,4,1,8,31,0,26.0,26.0
2025-08-02,4,Dal,Cooked Food,36,5,2,8,31,1,31.0,31.0
2025-08-03,4,Dal,Cooked Food,33,6,3,8,31,1,31.666666666666668,31.666666666666668
2025-08-04,4,Dal,Cooked Food,27,0,4,8,32,0,30.5,30.5
2025-08-05,4,Dal,Cooked Food,30,1,5,8,32,0,30.4,30.4
2025-08-06,4,Dal,Cooked Food,27,2,6,8,32,0,29.833333333333332,29.833333333333332
2025-08-07,4,Dal,Cooked Food,26,3,7,8,32,0,29.285714285714285,29.285714285714285
2025-08-08,4,Dal,Cooked Food,28,4,8,8,32,0,29.571428571428573,29.125
2025-08-09,4,Dal,Cooked Food,29,5,9,8,32,1,28.571428571428573,29.11111111111111
2025-08-10,4,Dal,Cooked Food,39,6,10,8,32,1,29.428571428571427,30.1
2025-08-11,4,Dal,Cooked Food,38,0,11,8,33,0,31.0,30.818181818181817
2025-08-12,4,Dal,Cooked Food,31,1,12,8,33,0,31.142857142857142,30.833333333333332
2025-08-13,4,Dal,Cooked Food,34,2,13,8,33,0,32.142857142857146,31.076923076923077
2025-08-14,4,Dal,Cooked Food,29,3,14,8,33,0,32.57142857142857,30.928571428571427
2025-08-15,4,Dal,Cooked Food,34,4,15,8,33,0,33.42857142857143,31.5
2025-08-16,4,Dal,Cooked Food,36,5,16,8,33,1,34.42857142857143,31.5
2025-08-17,4,Dal,Cooked Food,34,6,17,8,33,1,33.714285714285715,31.571428571428573
2025-08-18,4,Dal,Cooked Food,28,0,18,8,34,0,32.285714285714285,31.642857142857142
2025-08-19,4,Dal,Cooked Food,32,1,19,8,34,0,32.42857142857143,31.785714285714285
2025-08-20,4,Dal,Cooked Food,26,2,20,8,34,0,31.285714285714285,31.714285714285715
2025-08-21,4,Dal,Cooked Food,34,3,21,8,34,0,32.0,32.285714285714285
2025-08-22,4,Dal,Cooked Food,30,4,22,8,34,0,31.428571428571427,32.42857142857143
2025-08-23,4,Dal,Cooked Food,35,5,23,8,34,1,31.285714285714285,32.857142857142854
2025-08-24,4,Dal,Cooked Food,37,6,24,8,34,1,31.714285714285715,32.714285714285715
2025-08-25,4,Dal,Cooked Food,37,0,25,8,35,0,33.0,32.642857142857146
2025-08-26,4,Dal,Cooked Food,25,1,26,8,35,0,32.0,32.214285714285715
2025-08-27,4,Dal,Cooked Food,33,2,27,8,35,0,33.0,32.142857142857146
2025-08-28,4,Dal,Cooked Food,27,3,28,8,35,0,32.0,32.0
2025-08-29,4,Dal,Cooked Food,34,4,29,8,35,0,32.57142857142857,32.0
2025-08-30,4,Dal,Cooked Food,30,5,30,8,35,1,31.857142857142858,31.571428571428573
2025-08-31,4,Dal,Cooked Food,48,6,31,8,35,1,33.42857142857143,32.57142857142857
2025-09-01,4,Dal,Cooked Food,36,0,1,9,36,0,33.285714285714285,33.142857142857146
2025-09-02,4,Dal,Cooked Food,35,1,2,9,36,0,34.714285714285715,33.357142857142854
2025-09-03,4,Dal,Cooked Food,35,2,3,9,36,0,35.0,34.0
2025-09-04,4,Dal,Cooked Food,25,3,4,9,36,0,34.714285714285715,33.357142857142854
2025-09-05,4,Dal,Cooked Food,27,4,5,9,36,0,33.714285714285715,33.142857142857146
2025-09-06,4,Dal,Cooked Food,39,5,6,9,36,1,35.0,33.42857142857143
2025-09-07,4,Dal,Cooked Food,47,6,7,9,36,1,34.857142857142854,34.142857142857146
2025-09-08,4,Dal,Cooked Food,38,0,8,9,37,0,35.142857142857146,34.214285714285715
2025-09-09,4,Dal,Cooked Food,34,1,9,9,37,0,35.0,34.857142857142854
2025-09-10,4,Dal,Cooked Food,34,2,10,9,37,0,34.857142857142854,34.92857142857143
2025-09-11,4,Dal,Cooked Food,27,3,11,9,37,0,35.142857142857146,34.92857142857143
2025-09-12,4,Dal,Cooked Food,27,4,12,9,37,0,35.142857142857146,34.42857142857143
2025-09-13,4,Dal,Cooked Food,32,5,13,9,37,1,34.142857142857146,34.57142857142857
2025-09-14,4,Dal,Cooked Food,36,6,14,9,37,1,32.57142857142857,33.714285714285715
2025-09-15,4,Dal,Cooked Food,33,0,15,9,38,0,31.857142857142858,33.5
2025-09-16,4,Dal,Cooked Food,32,1,16,9,38,0,31.571428571428573,33.285714285714285
2025-09-17,4,Dal,Cooked Food,34,2,17,9,38,0,31.571428571428573,33.214285714285715
2025-09-18,4,Dal,Cooked Food,29,3,18,9,38,0,31.857142857142858,33.5
2025-09-19,4,Dal,Cooked Food,27,4,19,9,38,0,31.857142857142858,33.5
2025-09-20,4,Dal,Cooked Food,41,5,20,9,38,1,33.142857142857146,33.642857142857146
2025-09-21,4,Dal,Cooked Food,45,6,21,9,38,1,34.42857142857143,33.5
2025-09-22,4,Dal,Cooked Food,27,0,22,9,39,0,33.57142857142857,32.714285714285715
2025-09-23,4,Dal,Cooked Food,24,1,23,9,39,0,32.42857142857143,32.0
2025-09-24,4,Dal,Cooked Food,24,2,24,9,39,0,31.0,31.285714285714285
2025-09-25,4,Dal,Cooked Food,35,3,25,9,39,0,31.857142857142858,31.857142857142858
2025-09-26,4,Dal,Cooked Food,32,4,26,9,39,0,32.57142857142857,32.214285714285715
2025-09-27,4,Dal,Cooked Food,32,5,27,9,39,1,31.285714285714285,32.214285714285715
2025-09-28,4,Dal,Cooked Food,44,6,28,9,39,1,31.142857142857142,32.785714285714285
2025-09-29,4,Dal,Cooked Food,38,0,29,9,40,0,32.714285714285715,33.142857142857146
2025-09-30,4,Dal,Cooked Food,33,1,30,9,40,0,34.0,33.214285714285715
2025-10-01,4,Dal,Cooked Food,26,2,1,10,40,0,34.285714285714285,32.642857142857146
2025-10-02,4,Dal,Cooked Food,25,3,2,10,40,0,32.857142857142854,32.357142857142854
2025-10-03,4,Dal,Cooked Food,29,4,3,10,40,0,32.42857142857143,32.5
2025-10-04,4,Dal,Cooked Food,40,5,4,10,40,1,33.57142857142857,32.42857142857143
2025-10-05,4,Dal,Cooked Food,46,6,5,10,40,1,33.857142857142854,32.5
2025-10-06,4,Dal,Cooked Food,35,0,6,10,41,0,33.42857142857143,33.07142857142857
2025-10-07,4,Dal,Cooked Food,25,1,7,10,41,0,32.285714285714285,33.142857142857146
2025-10-08,4,Dal,Cooked Food,28,2,8,10,41,0,32.57142857142857,33.42857142857143
2025-10-09,4,Dal,Cooked Food,31,3,9,10,41,0,33.42857142857143,33.142857142857146
2025-10-10,4,Dal,Cooked Food,28,4,10,10,41,0,33.285714285714285,32.857142857142854
2025-10-11,4,Dal,Cooked Food,35,5,11,10,41,1,32.57142857142857,33.07142857142857
2025-10-12,4,Dal,Cooked Food,45,6,12,10,41,1,32.42857142857143,33.142857142857146
2025-10-13,4,Dal,Cooked Food,34,0,13,10,42,0,32.285714285714285,32.857142857142854
2025-10-14,4,Dal,Cooked Food,34,1,14,10,42,0,33.57142857142857,32.92857142857143
2025-10-15,4,Dal,Cooked Food,33,2,15,10,42,0,34.285714285714285,33.42857142857143
2025-10-16,4,Dal,Cooked Food,27,3,16,10,42,0,33.714285714285715,33.57142857142857
2025-10-17,4,Dal,Cooked Food,27,4,17,10,42,0,33.57142857142857,33.42857142857143
2025-10-18,4,Dal,Cooked Food,31,5,18,10,42,1,33.0,32.785714285714285
2025-10-19,4,Dal,Cooked Food,36,6,19,10,42,1,31.714285714285715,32.07142857142857
2025-10-20,4,Dal,Cooked Food,28,0,20,10,43,0,30.857142857142858,31.571428571428573
2025-10-21,4,Dal,Cooked Food,24,1,21,10,43,0,29.428571428571427,31.5
2025-10-22,4,Dal,Cooked Food,25,2,22,10,43,0,28.285714285714285,31.285714285714285
2025-10-23,4,Dal,Cooked Food,26,3,23,10,43,0,28.142857142857142,30.928571428571427
2025-10-24,4,Dal,Cooked Food,31,4,24,10,43,0,28.714285714285715,31.142857142857142
2025-10-25,4,Dal,Cooked Food,29,5,25,10,43,1,28.428571428571427,30.714285714285715
2025-10-26,4,Dal,Cooked Food,40,6,26,10,43,1,29.0,30.357142857142858
2025-10-27,4,Dal,Cooked Food,33,0,27,10,44,0,29.714285714285715,30.285714285714285
2025-10-28,4,Dal,Cooked Food,30,1,28,10,44,0,30.571428571428573,30.0
2025-10-29,4,Dal,Cooked Food,24,2,29,10,44,0,30.428571428571427,29.357142857142858
2025-10-30,4,Dal,Cooked Food,30,3,30,10,44,0,31.0,29.571428571428573
2025-10-31,4,Dal,Cooked Food,31,4,31,10,44,0,31.0,29.857142857142858
2025-11-01,4,Dal,Cooked Food,33,5,1,11,44,1,31.571428571428573,30.0
2025-11-02,4,Dal,Cooked Food,42,6,2,11,44,1,31.857142857142858,30.428571428571427
2025-11-03,4,Dal,Cooked Food,35,0,3,11,45,0,32.142857142857146,30.928571428571427
2025-11-04,4,Dal,Cooked Food,26,1,4,11,45,0,31.571428571428573,31.071428571428573
2025-11-05,4,Dal,Cooked Food,26,2,5,11,45,0,31.857142857142858,31.142857142857142
2025-11-06,4,Dal,Cooked Food,25,3,6,11,45,0,31.142857142857142,31.071428571428573
2025-11-07,4,Dal,Cooked Food,26,4,7,11,45,0,30.428571428571427,30.714285714285715
2025-11-08,4,Dal,Cooked Food,40,5,8,11,45,1,31.428571428571427,31.5
2025-11-09,4,Dal,Cooked Food,49,6,9,11,45,1,32.42857142857143,32.142857142857146
2025-11-10,4,Dal,Cooked Food,30,0,10,11,46,0,31.714285714285715,31.928571428571427
2025-11-11,4,Dal,Cooked Food,32,1,11,11,46,0,32.57142857142857,32.07142857142857
2025-11-12,4,Dal,Cooked Food,30,2,12,11,46,0,33.142857142857146,32.5
2025-11-13,4,Dal,Cooked Food,28,3,13,11,46,0,33.57142857142857,32.357142857142854
2025-11-14,4,Dal,Cooked Food,34,4,14,11,46,0,34.714285714285715,32.57142857142857
2025-11-15,4,Dal,Cooked Food,29,5,15,11,46,1,33.142857142857146,32.285714285714285
2025-11-16,4,Dal,Cooked Food,43,6,16,11,46,1,32.285714285714285,32.357142857142854
2025-11-17,4,Dal,Cooked Food,31,0,17,11,47,0,32.42857142857143,32.07142857142857
2025-11-18,4,Dal,Cooked Food,31,1,18,11,47,0,32.285714285714285,32.42857142857143
2025-11-19,4,Dal,Cooked Food,33,2,19,11,47,0,32.714285714285715,32.92857142857143
2025-11-20,4,Dal,Cooked Food,29,3,20,11,47,0,32.857142857142854,33.214285714285715
2025-11-21,4,Dal,Cooked Food,30,4,21,11,47,0,32.285714285714285,33.5
2025-11-22,4,Dal,Cooked Food,39,5,22,11,47,1,33.714285714285715,33.42857142857143
2025-11-23,4,Dal,Cooked Food,38,6,23,11,47,1,33.0,32.642857142857146
2025-11-24,4,Dal,Cooked Food,38,0,24,11,48,0,34.0,33.214285714285715
2025-11-25,4,Dal,Cooked Food,32,1,25,11,48,0,34.142857142857146,33.214285714285715
2025-11-26,4,Dal,Cooked Food,27,2,26,11,48,0,33.285714285714285,33.0
2025-11-27,4,Dal,Cooked Food,25,3,27,11,48,0,32.714285714285715,32.785714285714285
2025-11-28,4,Dal,Cooked Food,33,4,28,11,48,0,33.142857142857146,32.714285714285715
2025-11-29,4,Dal,Cooked Food,42,5,29,11,48,1,33.57142857142857,33.642857142857146
2025-11-30,4,Dal,Cooked Food,34,6,30,11,48,1,33.0,33.0
2025-12-01,4,Dal,Cooked Food,32,0,1,12,49,0,32.142857142857146,33.07142857142857
2025-12-02,4,Dal,Cooked Food,29,1,2,12,49,0,31.714285714285715,32.92857142857143
2025-12-03,4,Dal,Cooked Food,24,2,3,12,49,0,31.285714285714285,32.285714285714285
2025-12-04,4,Dal,Cooked Food,35,3,4,12,49,0,32.714285714285715,32.714285714285715
2025-12-05,4,Dal,Cooked Food,31,4,5,12,49,0,32.42857142857143,32.785714285714285
2025-12-06,4,Dal,Cooked Food,39,5,6,12,49,1,32.0,32.785714285714285
2025-12-07,4,Dal,Cooked Food,47,6,7,12,49,1,33.857142857142854,33.42857142857143
2025-12-08,4,Dal,Cooked Food,36,0,8,12,50,0,34.42857142857143,33.285714285714285
2025-12-09,4,Dal,Cooked Food,29,1,9,12,50,0,34.42857142857143,33.07142857142857
2025-12-10,4,Dal,Cooked Food,34,2,10,12,50,0,35.857142857142854,33.57142857142857
2025-12-11,4,Dal,Cooked Food,29,3,11,12,50,0,35.0,33.857142857142854
2025-12-12,4,Dal,Cooked Food,30,4,12,12,50,0,34.857142857142854,33.642857142857146
2025-12-13,4,Dal,Cooked Food,41,5,13,12,50,1,35.142857142857146,33.57142857142857
2025-12-14,4,Dal,Cooked Food,40,6,14,12,50,1,34.142857142857146,34.0
2025-12-15,4,Dal,Cooked Food,27,0,15,12,51,0,32.857142857142854,33.642857142857146
2025-12-16,4,Dal,Cooked Food,30,1,16,12,51,0,33.0,33.714285714285715
2025-12-17,4,Dal,Cooked Food,35,2,17,12,51,0,33.142857142857146,34.5
2025-12-18,4,Dal,Cooked Food,34,3,18,12,51,0,33.857142857142854,34.42857142857143
2025-12-19,4,Dal,Cooked Food,31,4,19,12,51,0,34.0,34.42857142857143
2025-12-20,4,Dal,Cooked Food,33,5,20,12,51,1,32.857142857142854,34.0
2025-12-21,4,Dal,Cooked Food,33,6,21,12,51,1,31.857142857142858,33.0
2025-12-22,4,Dal,Cooked Food,33,0,22,12,52,0,32.714285714285715,32.785714285714285
2025-12-23,4,Dal,Cooked Food,29,1,23,12,52,0,32.57142857142857,32.785714285714285
2025-12-24,4,Dal,Cooked Food,29,2,24,12,52,0,31.714285714285715,32.42857142857143
2025-12-25,4,Dal,Cooked Food,25,3,25,12,52,0,30.428571428571427,32.142857142857146
2025-12-26,4,Dal,Cooked Food,30,4,26,12,52,0,30.285714285714285,32.142857142857146
2025-12-27,4,Dal,Cooked Food,41,5,27,12,52,1,31.428571428571427,32.142857142857146
2025-12-28,4,Dal,Cooked Food,46,6,28,12,52,1,33.285714285714285,32.57142857142857
2025-12-29,4,Dal,Cooked Food,33,0,29,12,1,0,33.285714285714285,33.0
2025-12-30,4,Dal,Cooked Food,30,1,30,12,1,0,33.42857142857143,33.0
2025-12-31,4,Dal,Cooked Food,26,2,31,12,1,0,33.0,32.357142857142854
2026-01-01,4,Dal,Cooked Food,33,3,1,1,1,0,34.142857142857146,32.285714285714285
2026-01-02,4,Dal,Cooked Food,25,4,2,1,1,0,33.42857142857143,31.857142857142858
2026-01-03,4,Dal,Cooked Food,35,5,3,1,1,1,32.57142857142857,32.0
2026-01-04,4,Dal,Cooked Food,40,6,4,1,1,1,31.714285714285715,32.5
2026-01-05,4,Dal,Cooked Food,32,0,5,1,2,0,31.571428571428573,32.42857142857143
2026-01-06,4,Dal,Cooked Food,26,1,6,1,2,0,31.0,32.214285714285715
2026-01-07,4,Dal,Cooked Food,28,2,7,1,2,0,31.285714285714285,32.142857142857146
2026-01-08,4,Dal,Cooked Food,27,3,8,1,2,0,30.428571428571427,32.285714285714285
2026-01-09,4,Dal,Cooked Food,28,4,9,1,2,0,30.857142857142858,32.142857142857146
2026-01-10,4,Dal,Cooked Food,40,5,10,1,2,1,31.571428571428573,32.07142857142857
2026-01-11,4,Dal,Cooked Food,40,6,11,1,2,1,31.571428571428573,31.642857142857142
2026-01-12,4,Dal,Cooked Food,28,0,12,1,3,0,31.0,31.285714285714285
2026-01-13,4,Dal,Cooked Food,28,1,13,1,3,0,31.285714285714285,31.142857142857142
2026-01-14,4,Dal,Cooked Food,25,2,14,1,3,0,30.857142857142858,31.071428571428573
2026-01-15,4,Dal,Cooked Food,29,3,15,1,3,0,31.142857142857142,30.785714285714285
2026-01-16,4,Dal,Cooked Food,35,4,16,1,3,0,32.142857142857146,31.5
2026-01-17,4,Dal,Cooked Food,30,5,17,1,3,1,30.714285714285715,31.142857142857142
2026-01-18,4,Dal,Cooked Food,37,6,18,1,3,1,30.285714285714285,30.928571428571427
2026-01-19,4,Dal,Cooked Food,32,0,19,1,4,0,30.857142857142858,30.928571428571427
2026-01-20,4,Dal,Cooked Food,24,1,20,1,4,0,30.285714285714285,30.785714285714285
2026-01-21,4,Dal,Cooked Food,32,2,21,1,4,0,31.285714285714285,31.071428571428573
2026-01-22,4,Dal,Cooked Food,30,3,22,1,4,0,31.428571428571427,31.285714285714285
2026-01-23,4,Dal,Cooked Food,33,4,23,1,4,0,31.142857142857142,31.642857142857142
2026-01-24,4,Dal,Cooked Food,30,5,24,1,4,1,31.142857142857142,30.928571428571427
2026-01-25,4,Dal,Cooked Food,34,6,25,1,4,1,30.714285714285715,30.5
2026-01-26,4,Dal,Cooked Food,39,0,26,1,5,0,31.714285714285715,31.285714285714285
2026-01-27,4,Dal,Cooked Food,32,1,27,1,5,0,32.857142857142854,31.571428571428573
2026-01-28,4,Dal,Cooked Food,32,2,28,1,5,0,32.857142857142854,32.07142857142857
2026-01-29,4,Dal,Cooked Food,26,3,29,1,5,0,32.285714285714285,31.857142857142858
2026-01-30,4,Dal,Cooked Food,26,4,30,1,5,0,31.285714285714285,31.214285714285715
2026-01-31,4,Dal,Cooked Food,39,5,31,1,5,1,32.57142857142857,31.857142857142858
2026-02-01,4,Dal,Cooked Food,46,6,1,2,5,1,34.285714285714285,32.5
2026-02-02,4,Dal,Cooked Food,35,0,2,2,6,0,33.714285714285715,32.714285714285715
2026-02-03,4,Dal,Cooked Food,28,1,3,2,6,0,33.142857142857146,33.0
2026-02-04,4,Dal,Cooked Food,33,2,4,2,6,0,33.285714285714285,33.07142857142857
2026-02-05,4,Dal,Cooked Food,33,3,5,2,6,0,34.285714285714285,33.285714285714285
2026-02-06,4,Dal,Cooked Food,33,4,6,2,6,0,35.285714285714285,33.285714285714285
2026-02-07,4,Dal,Cooked Food,35,5,7,2,6,1,34.714285714285715,33.642857142857146
2026-02-08,4,Dal,Cooked Food,48,6,8,2,6,1,35.0,34.642857142857146
2026-02-09,4,Dal,Cooked Food,35,0,9,2,7,0,35.0,34.357142857142854
2026-02-10,4,Dal,Cooked Food,32,1,10,2,7,0,35.57142857142857,34.357142857142854
2026-02-11,4,Dal,Cooked Food,33,2,11,2,7,0,35.57142857142857,34.42857142857143
2026-02-12,4,Dal,Cooked Food,27,3,12,2,7,0,34.714285714285715,34.5
2026-02-13,4,Dal,Cooked Food,31,4,13,2,7,0,34.42857142857143,34.857142857142854
2026-02-14,4,Dal,Cooked Food,42,5,14,2,7,1,35.42857142857143,35.07142857142857
2026-02-15,4,Dal,Cooked Food,44,6,15,2,7,1,34.857142857142854,34.92857142857143
2026-02-16,4,Dal,Cooked Food,28,0,16,2,8,0,33.857142857142854,34.42857142857143
2026-02-17,4,Dal,Cooked Food,32,1,17,2,8,0,33.857142857142854,34.714285714285715
2026-02-18,4,Dal,Cooked Food,30,2,18,2,8,0,33.42857142857143,34.5
2026-02-19,4,Dal,Cooked Food,35,3,19,2,8,0,34.57142857142857,34.642857142857146
2026-02-20,4,Dal,Cooked Food,29,4,20,2,8,0,34.285714285714285,34.357142857142854
2026-02-21,4,Dal,Cooked Food,30,5,21,2,8,1,32.57142857142857,34.0
2026-02-22,4,Dal,Cooked Food,37,6,22,2,8,1,31.571428571428573,33.214285714285715
2026-02-23,4,Dal,Cooked Food,30,0,23,2,9,0,31.857142857142858,32.857142857142854
2026-02-24,4,Dal,Cooked Food,30,1,24,2,9,0,31.571428571428573,32.714285714285715
2026-02-25,4,Dal,Cooked Food,29,2,25,2,9,0,31.428571428571427,32.42857142857143
2026-02-26,4,Dal,Cooked Food,28,3,26,2,9,0,30.428571428571427,32.5
2026-02-27,4,Dal,Cooked Food,35,4,27,2,9,0,31.285714285714285,32.785714285714285
2026-02-28,4,Dal,Cooked Food,39,5,28,2,9,1,32.57142857142857,32.57142857142857
2026-03-01,4,Dal,Cooked Food,40,6,1,3,9,1,33.0,32.285714285714285
2026-03-02,4,Dal,Cooked Food,30,0,2,3,10,0,33.0,32.42857142857143
2026-03-03,4,Dal,Cooked Food,32,1,3,3,10,0,33.285714285714285,32.42857142857143
2026-03-04,4,Dal,Cooked Food,35,2,4,3,10,0,34.142857142857146,32.785714285714285
2026-03-05,4,Dal,Cooked Food,31,3,5,3,10,0,34.57142857142857,32.5
2026-03-06,4,Dal,Cooked Food,27,4,6,3,10,0,33.42857142857143,32.357142857142854
2026-03-07,4,Dal,Cooked Food,29,5,7,3,10,1,32.0,32.285714285714285
2026-03-08,4,Dal,Cooked Food,48,6,8,3,10,1,33.142857142857146,33.07142857142857
2026-03-09,4,Dal,Cooked Food,28,0,9,3,11,0,32.857142857142854,32.92857142857143
2026-03-10,4,Dal,Cooked Food,32,1,10,3,11,0,32.857142857142854,33.07142857142857
2026-03-11,4,Dal,Cooked Food,28,2,11,3,11,0,31.857142857142858,33.0
2026-03-12,4,Dal,Cooked Food,28,3,12,3,11,0,31.428571428571427,33.0
2026-03-13,4,Dal,Cooked Food,25,4,13,3,11,0,31.142857142857142,32.285714285714285
2026-03-14,4,Dal,Cooked Food,34,5,14,3,11,1,31.857142857142858,31.928571428571427
2026-03-15,4,Dal,Cooked Food,48,6,15,3,11,1,31.857142857142858,32.5
2026-03-16,4,Dal,Cooked Food,27,0,16,3,12,0,31.714285714285715,32.285714285714285
2026-03-17,4,Dal,Cooked Food,26,1,17,3,12,0,30.857142857142858,31.857142857142858
2026-03-18,4,Dal,Cooked Food,34,2,18,3,12,0,31.714285714285715,31.785714285714285
2026-03-19,4,Dal,Cooked Food,29,3,19,3,12,0,31.857142857142858,31.642857142857142
2026-03-20,4,Dal,Cooked Food,27,4,20,3,12,0,32.142857142857146,31.642857142857142
2026-03-21,4,Dal,Cooked Food,41,5,21,3,12,1,33.142857142857146,32.5
2026-03-22,4,Dal,Cooked Food,37,6,22,3,12,1,31.571428571428573,31.714285714285715
2026-03-23,4,Dal,Cooked Food,35,0,23,3,13,0,32.714285714285715,32.214285714285715
2026-03-24,4,Dal,Cooked Food,32,1,24,3,13,0,33.57142857142857,32.214285714285715
2026-03-25,4,Dal,Cooked Food,25,2,25,3,13,0,32.285714285714285,32.0
2026-03-26,4,Dal,Cooked Food,26,3,26,3,13,0,31.857142857142858,31.857142857142858
2026-03-27,4,Dal,Cooked Food,30,4,27,3,13,0,32.285714285714285,32.214285714285715
2026-03-28,4,Dal,Cooked Food,30,5,28,3,13,1,30.714285714285715,31.928571428571427
2026-03-29,4,Dal,Cooked Food,40,6,29,3,13,1,31.142857142857142,31.357142857142858
2026-03-30,4,Dal,Cooked Food,34,0,30,3,14,0,31.0,31.857142857142858
2026-03-31,4,Dal,Cooked Food,24,1,31,3,14,0,29.857142857142858,31.714285714285715
2026-04-01,4,Dal,Cooked Food,28,2,1,4,14,0,30.285714285714285,31.285714285714285
2026-04-02,4,Dal,Cooked Food,28,3,2,4,14,0,30.571428571428573,31.214285714285715
2026-04-03,4,Dal,Cooked Food,27,4,3,4,14,0,30.142857142857142,31.214285714285715
2026-04-04,4,Dal,Cooked Food,42,5,4,4,14,1,31.857142857142858,31.285714285714285
2026-04-05,4,Dal,Cooked Food,36,6,5,4,14,1,31.285714285714285,31.214285714285715
2026-04-06,4,Dal,Cooked Food,29,0,6,4,15,0,30.571428571428573,30.785714285714285
2026-04-07,4,Dal,Cooked Food,27,1,7,4,15,0,31.0,30.428571428571427
2026-04-08,4,Dal,Cooked Food,27,2,8,4,15,0,30.857142857142858,30.571428571428573
2026-04-09,4,Dal,Cooked Food,35,3,9,4,15,0,31.857142857142858,31.214285714285715
2026-04-10,4,Dal,Cooked Food,33,4,10,4,15,0,32.714285714285715,31.428571428571427
2026-04-11,4,Dal,Cooked Food,42,5,11,4,15,1,32.714285714285715,32.285714285714285
2026-04-12,4,Dal,Cooked Food,34,6,12,4,15,1,32.42857142857143,31.857142857142858
2026-04-13,4,Dal,Cooked Food,36,0,13,4,16,0,33.42857142857143,32.0
2026-04-14,4,Dal,Cooked Food,35,1,14,4,16,0,34.57142857142857,32.785714285714285
2026-04-15,4,Dal,Cooked Food,34,2,15,4,16,0,35.57142857142857,33.214285714285715
2026-04-16,4,Dal,Cooked Food,29,3,16,4,16,0,34.714285714285715,33.285714285714285
2026-04-17,4,Dal,Cooked Food,30,4,17,4,16,0,34.285714285714285,33.5
2026-04-18,4,Dal,Cooked Food,33,5,18,4,16,1,33.0,32.857142857142854
2026-04-19,4,Dal,Cooked Food,49,6,19,4,16,1,35.142857142857146,33.785714285714285
2026-04-20,4,Dal,Cooked Food,38,0,20,4,17,0,35.42857142857143,34.42857142857143
2026-04-21,4,Dal,Cooked Food,33,1,21,4,17,0,35.142857142857146,34.857142857142854
2026-04-22,4,Dal,Cooked Food,31,2,22,4,17,0,34.714285714285715,35.142857142857146
2026-04-23,4,Dal,Cooked Food,30,3,23,4,17,0,34.857142857142854,34.785714285714285
2026-04-24,4,Dal,Cooked Food,25,4,24,4,17,0,34.142857142857146,34.214285714285715
2026-04-25,4,Dal,Cooked Food,34,5,25,4,17,1,34.285714285714285,33.642857142857146
2026-04-26,4,Dal,Cooked Food,47,6,26,4,17,1,34.0,34.57142857142857
2026-04-27,4,Dal,Cooked Food,32,0,27,4,18,0,33.142857142857146,34.285714285714285
2026-04-28,4,Dal,Cooked Food,26,1,28,4,18,0,32.142857142857146,33.642857142857146
2026-04-29,4,Dal,Cooked Food,30,2,29,4,18,0,32.0,33.357142857142854
2026-04-30,4,Dal,Cooked Food,28,3,30,4,18,0,31.714285714285715,33.285714285714285
2026-05-01,4,Dal,Cooked Food,33,4,1,5,18,0,32.857142857142854,33.5
2026-05-02,4,Dal,Cooked Food,40,5,2,5,18,1,33.714285714285715,34.0
2026-05-03,4,Dal,Cooked Food,49,6,3,5,18,1,34.0,34.0
2026-05-04,4,Dal,Cooked Food,34,0,4,5,19,0,34.285714285714285,33.714285714285715
2026-05-05,4,Dal,Cooked Food,27,1,5,5,19,0,34.42857142857143,33.285714285714285
2026-05-06,4,Dal,Cooked Food,29,2,6,5,19,0,34.285714285714285,33.142857142857146
2026-05-07,4,Dal,Cooked Food,28,3,7,5,19,0,34.285714285714285,33.0
2026-05-08,4,Dal,Cooked Food,26,4,8,5,19,0,33.285714285714285,33.07142857142857
2026-05-09,4,Dal,Cooked Food,35,5,9,5,19,1,32.57142857142857,33.142857142857146
2026-05-10,4,Dal,Cooked Food,38,6,10,5,19,1,31.0,32.5
2026-05-11,4,Dal,Cooked Food,37,0,11,5,20,0,31.428571428571427,32.857142857142854
2026-05-12,4,Dal,Cooked Food,35,1,12,5,20,0,32.57142857142857,33.5
2026-05-13,4,Dal,Cooked Food,28,2,13,5,20,0,32.42857142857143,33.357142857142854
2026-05-14,4,Dal,Cooked Food,29,3,14,5,20,0,32.57142857142857,33.42857142857143
2026-05-15,4,Dal,Cooked Food,29,4,15,5,20,0,33.0,33.142857142857146
2026-05-16,4,Dal,Cooked Food,35,5,16,5,20,1,33.0,32.785714285714285
2026-05-17,4,Dal,Cooked Food,47,6,17,5,20,1,34.285714285714285,32.642857142857146
2026-05-18,4,Dal,Cooked Food,26,0,18,5,21,0,32.714285714285715,32.07142857142857
2026-05-19,4,Dal,Cooked Food,27,1,19,5,21,0,31.571428571428573,32.07142857142857
2026-05-20,4,Dal,Cooked Food,31,2,20,5,21,0,32.0,32.214285714285715
2026-05-21,4,Dal,Cooked Food,35,3,21,5,21,0,32.857142857142854,32.714285714285715
2026-05-22,4,Dal,Cooked Food,32,4,22,5,21,0,33.285714285714285,33.142857142857146
2026-05-23,4,Dal,Cooked Food,31,5,23,5,21,1,32.714285714285715,32.857142857142854
2026-05-24,4,Dal,Cooked Food,39,6,24,5,21,1,31.571428571428573,32.92857142857143
2026-05-25,4,Dal,Cooked Food,31,0,25,5,22,0,32.285714285714285,32.5
2026-05-26,4,Dal,Cooked Food,26,1,26,5,22,0,32.142857142857146,31.857142857142858
2026-05-27,4,Dal,Cooked Food,31,2,27,5,22,0,32.142857142857146,32.07142857142857
2026-05-28,4,Dal,Cooked Food,31,3,28,5,22,0,31.571428571428573,32.214285714285715
2026-05-29,4,Dal,Cooked Food,29,4,29,5,22,0,31.142857142857142,32.214285714285715
2026-05-30,4,Dal,Cooked Food,36,5,30,5,22,1,31.857142857142858,32.285714285714285
2026-05-31,4,Dal,Cooked Food,35,6,31,5,22,1,31.285714285714285,31.428571428571427
2026-06-01,4,Dal,Cooked Food,32,0,1,6,23,0,31.428571428571427,31.857142857142858
2026-06-02,4,Dal,Cooked Food,29,1,2,6,23,0,31.857142857142858,32.0
2026-06-03,4,Dal,Cooked Food,28,2,3,6,23,0,31.428571428571427,31.785714285714285
2026-06-04,4,Dal,Cooked Food,33,3,4,6,23,0,31.714285714285715,31.642857142857142
2026-06-05,4,Dal,Cooked Food,33,4,5,6,23,0,32.285714285714285,31.714285714285715
2026-06-06,4,Dal,Cooked Food,30,5,6,6,23,1,31.428571428571427,31.642857142857142
2026-06-07,4,Dal,Cooked Food,44,6,7,6,23,1,32.714285714285715,32.0
2026-06-08,4,Dal,Cooked Food,36,0,8,6,24,0,33.285714285714285,32.357142857142854
2026-06-09,4,Dal,Cooked Food,33,1,9,6,24,0,33.857142857142854,32.857142857142854
2026-06-10,4,Dal,Cooked Food,31,2,10,6,24,0,34.285714285714285,32.857142857142854
2026-06-11,4,Dal,Cooked Food,27,3,11,6,24,0,33.42857142857143,32.57142857142857
2026-06-12,4,Dal,Cooked Food,24,4,12,6,24,0,32.142857142857146,32.214285714285715
2026-06-13,4,Dal,Cooked Food,37,5,13,6,24,1,33.142857142857146,32.285714285714285
2026-06-14,4,Dal,Cooked Food,40,6,14,6,24,1,32.57142857142857,32.642857142857146
2026-06-15,4,Dal,Cooked Food,28,0,15,6,25,0,31.428571428571427,32.357142857142854
2026-06-16,4,Dal,Cooked Food,34,1,16,6,25,0,31.571428571428573,32.714285714285715
2026-06-17,4,Dal,Cooked Food,24,2,17,6,25,0,30.571428571428573,32.42857142857143
2026-06-18,4,Dal,Cooked Food,35,3,18,6,25,0,31.714285714285715,32.57142857142857
2026-06-19,4,Dal,Cooked Food,34,4,19,6,25,0,33.142857142857146,32.642857142857146
2026-06-20,4,Dal,Cooked Food,28,5,20,6,25,1,31.857142857142858,32.5
2026-06-21,4,Dal,Cooked Food,47,6,21,6,25,1,32.857142857142854,32.714285714285715
2026-06-22,4,Dal,Cooked Food,28,0,22,6,26,0,32.857142857142854,32.142857142857146
2026-06-23,4,Dal,Cooked Food,34,1,23,6,26,0,32.857142857142854,32.214285714285715
2026-06-24,4,Dal,Cooked Food,34,2,24,6,26,0,34.285714285714285,32.42857142857143
2026-06-25,4,Dal,Cooked Food,35,3,25,6,26,0,34.285714285714285,33.0
2026-06-26,4,Dal,Cooked Food,35,4,26,6,26,0,34.42857142857143,33.785714285714285
2026-06-27,4,Dal,Cooked Food,36,5,27,6,26,1,35.57142857142857,33.714285714285715
2026-06-28,4,Dal,Cooked Food,37,6,28,6,26,1,34.142857142857146,33.5
2026-06-29,4,Dal,Cooked Food,37,0,29,6,27,0,35.42857142857143,34.142857142857146
2026-06-30,4,Dal,Cooked Food,29,1,30,6,27,0,34.714285714285715,33.785714285714285
2026-07-01,4,Dal,Cooked Food,32,2,1,7,27,0,34.42857142857143,34.357142857142854
2026-07-02,4,Dal,Cooked Food,33,3,2,7,27,0,34.142857142857146,34.214285714285715
2026-07-03,4,Dal,Cooked Food,32,4,3,7,27,0,33.714285714285715,34.07142857142857
2026-07-04,4,Dal,Cooked Food,32,5,4,7,27,1,33.142857142857146,34.357142857142854
2026-07-05,4,Dal,Cooked Food,37,6,5,7,27,1,33.142857142857146,33.642857142857146
2026-07-06,4,Dal,Cooked Food,36,0,6,7,28,0,33.0,34.214285714285715
2026-07-07,4,Dal,Cooked Food,30,1,7,7,28,0,33.142857142857146,33.92857142857143
2026-07-08,4,Dal,Cooked Food,27,2,8,7,28,0,32.42857142857143,33.42857142857143
2026-07-09,4,Dal,Cooked Food,31,3,9,7,28,0,32.142857142857146,33.142857142857146
2026-07-10,4,Dal,Cooked Food,26,4,10,7,28,0,31.285714285714285,32.5
2026-07-11,4,Dal,Cooked Food,28,5,11,7,28,1,30.714285714285715,31.928571428571427
2026-07-12,4,Dal,Cooked Food,34,6,12,7,28,1,30.285714285714285,31.714285714285715
2026-07-13,4,Dal,Cooked Food,31,0,13,7,29,0,29.571428571428573,31.285714285714285
2026-07-14,4,Dal,Cooked Food,29,1,14,7,29,0,29.428571428571427,31.285714285714285
2026-07-15,4,Dal,Cooked Food,27,2,15,7,29,0,29.428571428571427,30.928571428571427
2026-07-16,4,Dal,Cooked Food,29,3,16,7,29,0,29.142857142857142,30.642857142857142
2026-07-17,4,Dal,Cooked Food,25,4,17,7,29,0,29.0,30.142857142857142
2026-07-18,4,Dal,Cooked Food,32,5,18,7,29,1,29.571428571428573,30.142857142857142
2026-07-19,4,Dal,Cooked Food,40,6,19,7,29,1,30.428571428571427,30.357142857142858
2026-07-20,4,Dal,Cooked Food,39,0,20,7,30,0,31.571428571428573,30.571428571428573
2026-07-21,4,Dal,Cooked Food,33,1,21,7,30,0,32.142857142857146,30.785714285714285
2026-07-22,4,Dal,Cooked Food,27,2,22,7,30,0,32.142857142857146,30.785714285714285
2026-07-23,4,Dal,Cooked Food,32,3,23,7,30,0,32.57142857142857,30.857142857142858
2026-07-24,4,Dal,Cooked Food,26,4,24,7,30,0,32.714285714285715,30.857142857142858
2026-07-25,4,Dal,Cooked Food,41,5,25,7,30,1,34.0,31.785714285714285
2026-07-26,4,Dal,Cooked Food,42,6,26,7,30,1,34.285714285714285,32.357142857142854
2026-07-27,4,Dal,Cooked Food,38,0,27,7,31,0,34.142857142857146,32.857142857142854
2026-07-28,4,Dal,Cooked Food,25,1,28,7,31,0,33.0,32.57142857142857
2026-07-29,4,Dal,Cooked Food,34,2,29,7,31,0,34.0,33.07142857142857
2026-07-30,4,Dal,Cooked Food,32,3,30,7,31,0,34.0,33.285714285714285
2026-07-31,4,Dal,Cooked Food,35,4,31,7,31,0,35.285714285714285,34.0
2025-08-01,5,Bread,Bakery,43,4,1,8,31,0,43.0,43.0
2025-08-02,5,Bread,Bakery,38,5,2,8,31,1,40.5,40.5
2025-08-03,5,Bread,Bakery,61,6,3,8,31,1,47.333333333333336,47.333333333333336
2025-08-04,5,Bread,Bakery,50,0,4,8,32,0,48.0,48.0
2025-08-05,5,Bread,Bakery,45,1,5,8,32,0,47.4,47.4
2025-08-06,5,Bread,Bakery,33,2,6,8,32,0,45.0,45.0
2025-08-07,5,Bread,Bakery,36,3,7,8,32,0,43.714285714285715,43.714285714285715
2025-08-08,5,Bread,Bakery,47,4,8,8,32,0,44.285714285714285,44.125
2025-08-09,5,Bread,Bakery,44,5,9,8,32,1,45.142857142857146,44.111111111111114
2025-08-10,5,Bread,Bakery,64,6,10,8,32,1,45.57142857142857,46.1
2025-08-11,5,Bread,Bakery,42,0,11,8,33,0,44.42857142857143,45.72727272727273
2025-08-12,5,Bread,Bakery,44,1,12,8,33,0,44.285714285714285,45.583333333333336
2025-08-13,5,Bread,Bakery,32,2,13,8,33,0,44.142857142857146,44.53846153846154
2025-08-14,5,Bread,Bakery,39,3,14,8,33,0,44.57142857142857,44.142857142857146
2025-08-15,5,Bread,Bakery,36,4,15,8,33,0,43.0,43.642857142857146
2025-08-16,5,Bread,Bakery,38,5,16,8,33,1,42.142857142857146,43.642857142857146
2025-08-17,5,Bread,Bakery,63,6,17,8,33,1,42.0,43.785714285714285
2025-08-18,5,Bread,Bakery,43,0,18,8,34,0,42.142857142857146,43.285714285714285
2025-08-19,5,Bread,Bakery,35,1,19,8,34,0,40.857142857142854,42.57142857142857
2025-08-20,5,Bread,Bakery,37,2,20,8,34,0,41.57142857142857,42.857142857142854
2025-08-21,5,Bread,Bakery,45,3,21,8,34,0,42.42857142857143,43.5
2025-08-22,5,Bread,Bakery,39,4,22,8,34,0,42.857142857142854,42.92857142857143
2025-08-23,5,Bread,Bakery,52,5,23,8,34,1,44.857142857142854,43.5
2025-08-24,5,Bread,Bakery,48,6,24,8,34,1,42.714285714285715,42.357142857142854
2025-08-25,5,Bread,Bakery,44,0,25,8,35,0,42.857142857142854,42.5
2025-08-26,5,Bread,Bakery,39,1,26,8,35,0,43.42857142857143,42.142857142857146
2025-08-27,5,Bread,Bakery,39,2,27,8,35,0,43.714285714285715,42.642857142857146
2025-08-28,5,Bread,Bakery,47,3,28,8,35,0,44.0,43.214285714285715
2025-08-29,5,Bread,Bakery,34,4,29,8,35,0,43.285714285714285,43.07142857142857
2025-08-30,5,Bread,Bakery,55,5,30,8,35,1,43.714285714285715,44.285714285714285
2025-08-31,5,Bread,Bakery,48,6,31,8,35,1,43.714285714285715,43.214285714285715
2025-09-01,5,Bread,Bakery,36,0,1,9,36,0,42.57142857142857,42.714285714285715
2025-09-02,5,Bread,Bakery,46,1,2,9,36,0,43.57142857142857,43.5
2025-09-03,5,Bread,Bakery,42,2,3,9,36,0,44.0,43.857142857142854
2025-09-04,5,Bread,Bakery,33,3,4,9,36,0,42.0,43.0
2025-09-05,5,Bread,Bakery,39,4,5,9,36,0,42.714285714285715,43.0
2025-09-06,5,Bread,Bakery,50,5,6,9,36,1,42.0,42.857142857142854
2025-09-07,5,Bread,Bakery,64,6,7,9,36,1,44.285714285714285,44.0
2025-09-08,5,Bread,Bakery,49,0,8,9,37,0,46.142857142857146,44.357142857142854
2025-09-09,5,Bread,Bakery,38,1,9,9,37,0,45.0,44.285714285714285
2025-09-10,5,Bread,Bakery,32,2,10,9,37,0,43.57142857142857,43.785714285714285
2025-09-11,5,Bread,Bakery,44,3,11,9,37,0,45.142857142857146,43.57142857142857
2025-09-12,5,Bread,Bakery,44,4,12,9,37,0,45.857142857142854,44.285714285714285
2025-09-13,5,Bread,Bakery,50,5,13,9,37,1,45.857142857142854,43.92857142857143
2025-09-14,5,Bread,Bakery,65,6,14,9,37,1,46.0,45.142857142857146
2025-09-15,5,Bread,Bakery,41,0,15,9,38,0,44.857142857142854,45.5
2025-09-16,5,Bread,Bakery,43,1,16,9,38,0,45.57142857142857,45.285714285714285
2025-09-17,5,Bread,Bakery,43,2,17,9,38,0,47.142857142857146,45.357142857142854
2025-09-18,5,Bread,Bakery,47,3,18,9,38,0,47.57142857142857,46.357142857142854
2025-09-19,5,Bread,Bakery,38,4,19,9,38,0,46.714285714285715,46.285714285714285
2025-09-20,5,Bread,Bakery,53,5,20,9,38,1,47.142857142857146,46.5
2025-09-21,5,Bread,Bakery,59,6,21,9,38,1,46.285714285714285,46.142857142857146
2025-09-22,5,Bread,Bakery,42,0,22,9,39,0,46.42857142857143,45.642857142857146
2025-09-23,5,Bread,Bakery,44,1,23,9,39,0,46.57142857142857,46.07142857142857
2025-09-24,5,Bread,Bakery,35,2,24,9,39,0,45.42857142857143,46.285714285714285
2025-09-25,5,Bread,Bakery,46,3,25,9,39,0,45.285714285714285,46.42857142857143
2025-09-26,5,Bread,Bakery,39,4,26,9,39,0,45.42857142857143,46.07142857142857
2025-09-27,5,Bread,Bakery,39,5,27,9,39,1,43.42857142857143,45.285714285714285
2025-09-28,5,Bread,Bakery,59,6,28,9,39,1,43.42857142857143,44.857142857142854
2025-09-29,5,Bread,Bakery,45,0,29,9,40,0,43.857142857142854,45.142857142857146
2025-09-30,5,Bread,Bakery,45,1,30,9,40,0,44.0,45.285714285714285
2025-10-01,5,Bread,Bakery,38,2,1,10,40,0,44.42857142857143,44.92857142857143
2025-10-02,5,Bread,Bakery,41,3,2,10,40,0,43.714285714285715,44.5
2025-10-03,5,Bread,Bakery,32,4,3,10,40,0,42.714285714285715,44.07142857142857
2025-10-04,5,Bread,Bakery,43,5,4,10,40,1,43.285714285714285,43.357142857142854
2025-10-05,5,Bread,Bakery,58,6,5,10,40,1,43.142857142857146,43.285714285714285
2025-10-06,5,Bread,Bakery,45,0,6,10,41,0,43.142857142857146,43.5
2025-10-07,5,Bread,Bakery,45,1,7,10,41,0,43.142857142857146,43.57142857142857
2025-10-08,5,Bread,Bakery,43,2,8,10,41,0,43.857142857142854,44.142857142857146
2025-10-09,5,Bread,Bakery,33,3,9,10,41,0,42.714285714285715,43.214285714285715
2025-10-10,5,Bread,Bakery,45,4,10,10,41,0,44.57142857142857,43.642857142857146
2025-10-11,5,Bread,Bakery,52,5,11,10,41,1,45.857142857142854,44.57142857142857
2025-10-12,5,Bread,Bakery,50,6,12,10,41,1,44.714285714285715,43.92857142857143
2025-10-13,5,Bread,Bakery,41,0,13,10,42,0,44.142857142857146,43.642857142857146
2025-10-14,5,Bread,Bakery,43,1,14,10,42,0,43.857142857142854,43.5
2025-10-15,5,Bread,Bakery,43,2,15,10,42,0,43.857142857142854,43.857142857142854
2025-10-16,5,Bread,Bakery,41,3,16,10,42,0,45.0,43.857142857142854
2025-10-17,5,Bread,Bakery,36,4,17,10,42,0,43.714285714285715,44.142857142857146
2025-10-18,5,Bread,Bakery,47,5,18,10,42,1,43.0,44.42857142857143
2025-10-19,5,Bread,Bakery,48,6,19,10,42,1,42.714285714285715,43.714285714285715
2025-10-20,5,Bread,Bakery,50,0,20,10,43,0,44.0,44.07142857142857
2025-10-21,5,Bread,Bakery,47,1,21,10,43,0,44.57142857142857,44.214285714285715
2025-10-22,5,Bread,Bakery,41,2,22,10,43,0,44.285714285714285,44.07142857142857
2025-10-23,5,Bread,Bakery,40,3,23,10,43,0,44.142857142857146,44.57142857142857
2025-10-24,5,Bread,Bakery,43,4,24,10,43,0,45.142857142857146,44.42857142857143
2025-10-25,5,Bread,Bakery,38,5,25,10,43,1,43.857142857142854,43.42857142857143
2025-10-26,5,Bread,Bakery,59,6,26,10,43,1,45.42857142857143,44.07142857142857
2025-10-27,5,Bread,Bakery,46,0,27,10,44,0,44.857142857142854,44.42857142857143
2025-10-28,5,Bread,Bakery,36,1,28,10,44,0,43.285714285714285,43.92857142857143
2025-10-29,5,Bread,Bakery,32,2,29,10,44,0,42.0,43.142857142857146
2025-10-30,5,Bread,Bakery,47,3,30,10,44,0,43.0,43.57142857142857
2025-10-31,5,Bread,Bakery,46,4,31,10,44,0,43.42857142857143,44.285714285714285
2025-11-01,5,Bread,Bakery,51,5,1,11,44,1,45.285714285714285,44.57142857142857
2025-11-02,5,Bread,Bakery,54,6,2,11,44,1,44.57142857142857,45.0
2025-11-03,5,Bread,Bakery,44,0,3,11,45,0,44.285714285714285,44.57142857142857
2025-11-04,5,Bread,Bakery,40,1,4,11,45,0,44.857142857142854,44.07142857142857
2025-11-05,5,Bread,Bakery,34,2,5,11,45,0,45.142857142857146,43.57142857142857
2025-11-06,5,Bread,Bakery,45,3,6,11,45,0,44.857142857142854,43.92857142857143
2025-11-07,5,Bread,Bakery,40,4,7,11,45,0,44.0,43.714285714285715
2025-11-08,5,Bread,Bakery,46,5,8,11,45,1,43.285714285714285,44.285714285714285
2025-11-09,5,Bread,Bakery,54,6,9,11,45,1,43.285714285714285,43.92857142857143
2025-11-10,5,Bread,Bakery,38,0,10,11,46,0,42.42857142857143,43.357142857142854
2025-11-11,5,Bread,Bakery,44,1,11,11,46,0,43.0,43.92857142857143
2025-11-12,5,Bread,Bakery,41,2,12,11,46,0,44.0,44.57142857142857
2025-11-13,5,Bread,Bakery,42,3,13,11,46,0,43.57142857142857,44.214285714285715
2025-11-14,5,Bread,Bakery,45,4,14,11,46,0,44.285714285714285,44.142857142857146
2025-11-15,5,Bread,Bakery,39,5,15,11,46,1,43.285714285714285,43.285714285714285
2025-11-16,5,Bread,Bakery,63,6,16,11,46,1,44.57142857142857,43.92857142857143
2025-11-17,5,Bread,Bakery,37,0,17,11,47,0,44.42857142857143,43.42857142857143
2025-11-18,5,Bread,Bakery,35,1,18,11,47,0,43.142857142857146,43.07142857142857
2025-11-19,5,Bread,Bakery,46,2,19,11,47,0,43.857142857142854,43.92857142857143
2025-11-20,5,Bread,Bakery,36,3,20,11,47,0,43.0,43.285714285714285
2025-11-21,5,Bread,Bakery,47,4,21,11,47,0,43.285714285714285,43.785714285714285
2025-11-22,5,Bread,Bakery,39,5,22,11,47,1,43.285714285714285,43.285714285714285
2025-11-23,5,Bread,Bakery,58,6,23,11,47,1,42.57142857142857,43.57142857142857
2025-11-24,5,Bread,Bakery,46,0,24,11,48,0,43.857142857142854,44.142857142857146
2025-11-25,5,Bread,Bakery,34,1,25,11,48,0,43.714285714285715,43.42857142857143
2025-11-26,5,Bread,Bakery,45,2,26,11,48,0,43.57142857142857,43.714285714285715
2025-11-27,5,Bread,Bakery,47,3,27,11,48,0,45.142857142857146,44.07142857142857
2025-11-28,5,Bread,Bakery,32,4,28,11,48,0,43.0,43.142857142857146
2025-11-29,5,Bread,Bakery,40,5,29,11,48,1,43.142857142857146,43.214285714285715
2025-11-30,5,Bread,Bakery,62,6,30,11,48,1,43.714285714285715,43.142857142857146
2025-12-01,5,Bread,Bakery,36,0,1,12,49,0,42.285714285714285,43.07142857142857
2025-12-02,5,Bread,Bakery,43,1,2,12,49,0,43.57142857142857,43.642857142857146
2025-12-03,5,Bread,Bakery,37,2,3,12,49,0,42.42857142857143,43.0
2025-12-04,5,Bread,Bakery,37,3,4,12,49,0,41.0,43.07142857142857
2025-12-05,5,Bread,Bakery,41,4,5,12,49,0,42.285714285714285,42.642857142857146
2025-12-06,5,Bread,Bakery,42,5,6,12,49,1,42.57142857142857,42.857142857142854
2025-12-07,5,Bread,Bakery,47,6,7,12,49,1,40.42857142857143,42.07142857142857
2025-12-08,5,Bread,Bakery,39,0,8,12,50,0,40.857142857142854,41.57142857142857
2025-12-09,5,Bread,Bakery,44,1,9,12,50,0,41.0,42.285714285714285
2025-12-10,5,Bread,Bakery,40,2,10,12,50,0,41.42857142857143,41.92857142857143
2025-12-11,5,Bread,Bakery,46,3,11,12,50,0,42.714285714285715,41.857142857142854
2025-12-12,5,Bread,Bakery,37,4,12,12,50,0,42.142857142857146,42.214285714285715
2025-12-13,5,Bread,Bakery,50,5,13,12,50,1,43.285714285714285,42.92857142857143
2025-12-14,5,Bread,Bakery,53,6,14,12,50,1,44.142857142857146,42.285714285714285
2025-12-15,5,Bread,Bakery,49,0,15,12,51,0,45.57142857142857,43.214285714285715
2025-12-16,5,Bread,Bakery,37,1,16,12,51,0,44.57142857142857,42.785714285714285
2025-12-17,5,Bread,Bakery,41,2,17,12,51,0,44.714285714285715,43.07142857142857
2025-12-18,5,Bread,Bakery,37,3,18,12,51,0,43.42857142857143,43.07142857142857
2025-12-19,5,Bread,Bakery,42,4,19,12,51,0,44.142857142857146,43.142857142857146
2025-12-20,5,Bread,Bakery,44,5,20,12,51,1,43.285714285714285,43.285714285714285
2025-12-21,5,Bread,Bakery,60,6,21,12,51,1,44.285714285714285,44.214285714285715
2025-12-22,5,Bread,Bakery,36,0,22,12,52,0,42.42857142857143,44.0
2025-12-23,5,Bread,Bakery,39,1,23,12,52,0,42.714285714285715,43.642857142857146
2025-12-24,5,Bread,Bakery,42,2,24,12,52,0,42.857142857142854,43.785714285714285
2025-12-25,5,Bread,Bakery,36,3,25,12,52,0,42.714285714285715,43.07142857142857
2025-12-26,5,Bread,Bakery,45,4,26,12,52,0,43.142857142857146,43.642857142857146
2025-12-27,5,Bread,Bakery,49,5,27,12,52,1,43.857142857142854,43.57142857142857
2025-12-28,5,Bread,Bakery,57,6,28,12,52,1,43.42857142857143,43.857142857142854
2025-12-29,5,Bread,Bakery,42,0,29,12,1,0,44.285714285714285,43.357142857142854
2025-12-30,5,Bread,Bakery,46,1,30,12,1,0,45.285714285714285,44.0
2025-12-31,5,Bread,Bakery,41,2,31,12,1,0,45.142857142857146,44.0
2026-01-01,5,Bread,Bakery,39,3,1,1,1,0,45.57142857142857,44.142857142857146
2026-01-02,5,Bread,Bakery,33,4,2,1,1,0,43.857142857142854,43.5
2026-01-03,5,Bread,Bakery,39,5,3,1,1,1,42.42857142857143,43.142857142857146
2026-01-04,5,Bread,Bakery,56,6,4,1,1,1,42.285714285714285,42.857142857142854
2026-01-05,5,Bread,Bakery,37,0,5,1,2,0,41.57142857142857,42.92857142857143
2026-01-06,5,Bread,Bakery,35,1,6,1,2,0,40.0,42.642857142857146
2026-01-07,5,Bread,Bakery,37,2,7,1,2,0,39.42857142857143,42.285714285714285
2026-01-08,5,Bread,Bakery,43,3,8,1,2,0,40.0,42.785714285714285
2026-01-09,5,Bread,Bakery,47,4,9,1,2,0,42.0,42.92857142857143
2026-01-10,5,Bread,Bakery,54,5,10,1,2,1,44.142857142857146,43.285714285714285
2026-01-11,5,Bread,Bakery,52,6,11,1,2,1,43.57142857142857,42.92857142857143
2026-01-12,5,Bread,Bakery,36,0,12,1,3,0,43.42857142857143,42.5
2026-01-13,5,Bread,Bakery,44,1,13,1,3,0,44.714285714285715,42.357142857142854
2026-01-14,5,Bread,Bakery,39,2,14,1,3,0,45.0,42.214285714285715
2026-01-15,5,Bread,Bakery,40,3,15,1,3,0,44.57142857142857,42.285714285714285
2026-01-16,5,Bread,Bakery,39,4,16,1,3,0,43.42857142857143,42.714285714285715
2026-01-17,5,Bread,Bakery,43,5,17,1,3,1,41.857142857142854,43.0
2026-01-18,5,Bread,Bakery,61,6,18,1,3,1,43.142857142857146,43.357142857142854
2026-01-19,5,Bread,Bakery,41,0,19,1,4,0,43.857142857142854,43.642857142857146
2026-01-20,5,Bread,Bakery,46,1,20,1,4,0,44.142857142857146,44.42857142857143
2026-01-21,5,Bread,Bakery,34,2,21,1,4,0,43.42857142857143,44.214285714285715
2026-01-22,5,Bread,Bakery,43,3,22,1,4,0,43.857142857142854,44.214285714285715
2026-01-23,5,Bread,Bakery,39,4,23,1,4,0,43.857142857142854,43.642857142857146
2026-01-24,5,Bread,Bakery,46,5,24,1,4,1,44.285714285714285,43.07142857142857
2026-01-25,5,Bread,Bakery,55,6,25,1,4,1,43.42857142857143,43.285714285714285
2026-01-26,5,Bread,Bakery,39,0,26,1,5,0,43.142857142857146,43.5
2026-01-27,5,Bread,Bakery,37,1,27,1,5,0,41.857142857142854,43.0
2026-01-28,5,Bread,Bakery,42,2,28,1,5,0,43.0,43.214285714285715
2026-01-29,5,Bread,Bakery,32,3,29,1,5,0,41.42857142857143,42.642857142857146
2026-01-30,5,Bread,Bakery,37,4,30,1,5,0,41.142857142857146,42.5
2026-01-31,5,Bread,Bakery,55,5,31,1,5,1,42.42857142857143,43.357142857142854
2026-02-01,5,Bread,Bakery,60,6,1,2,5,1,43.142857142857146,43.285714285714285
2026-02-02,5,Bread,Bakery,40,0,2,2,6,0,43.285714285714285,43.214285714285715
2026-02-03,5,Bread,Bakery,47,1,3,2,6,0,44.714285714285715,43.285714285714285
2026-02-04,5,Bread,Bakery,42,2,4,2,6,0,44.714285714285715,43.857142857142854
2026-02-05,5,Bread,Bakery,37,3,5,2,6,0,45.42857142857143,43.42857142857143
2026-02-06,5,Bread,Bakery,41,4,6,2,6,0,46.0,43.57142857142857
2026-02-07,5,Bread,Bakery,45,5,7,2,6,1,44.57142857142857,43.5
2026-02-08,5,Bread,Bakery,55,6,8,2,6,1,43.857142857142854,43.5
2026-02-09,5,Bread,Bakery,50,0,9,2,7,0,45.285714285714285,44.285714285714285
2026-02-10,5,Bread,Bakery,46,1,10,2,7,0,45.142857142857146,44.92857142857143
2026-02-11,5,Bread,Bakery,32,2,11,2,7,0,43.714285714285715,44.214285714285715
2026-02-12,5,Bread,Bakery,47,3,12,2,7,0,45.142857142857146,45.285714285714285
2026-02-13,5,Bread,Bakery,39,4,13,2,7,0,44.857142857142854,45.42857142857143
2026-02-14,5,Bread,Bakery,46,5,14,2,7,1,45.0,44.785714285714285
2026-02-15,5,Bread,Bakery,51,6,15,2,7,1,44.42857142857143,44.142857142857146
2026-02-16,5,Bread,Bakery,40,0,16,2,8,0,43.0,44.142857142857146
2026-02-17,5,Bread,Bakery,41,1,17,2,8,0,42.285714285714285,43.714285714285715
2026-02-18,5,Bread,Bakery,42,2,18,2,8,0,43.714285714285715,43.714285714285715
2026-02-19,5,Bread,Bakery,39,3,19,2,8,0,42.57142857142857,43.857142857142854
2026-02-20,5,Bread,Bakery,35,4,20,2,8,0,42.0,43.42857142857143
2026-02-21,5,Bread,Bakery,45,5,21,2,8,1,41.857142857142854,43.42857142857143
2026-02-22,5,Bread,Bakery,52,6,22,2,8,1,42.0,43.214285714285715
2026-02-23,5,Bread,Bakery,48,0,23,2,9,0,43.142857142857146,43.07142857142857
2026-02-24,5,Bread,Bakery,47,1,24,2,9,0,44.0,43.142857142857146
2026-02-25,5,Bread,Bakery,40,2,25,2,9,0,43.714285714285715,43.714285714285715
2026-02-26,5,Bread,Bakery,41,3,26,2,9,0,44.0,43.285714285714285
2026-02-27,5,Bread,Bakery,42,4,27,2,9,0,45.0,43.5
2026-02-28,5,Bread,Bakery,42,5,28,2,9,1,44.57142857142857,43.214285714285715
2026-03-01,5,Bread,Bakery,57,6,1,3,9,1,45.285714285714285,43.642857142857146
2026-03-02,5,Bread,Bakery,41,0,2,3,10,0,44.285714285714285,43.714285714285715
2026-03-03,5,Bread,Bakery,47,1,3,3,10,0,44.285714285714285,44.142857142857146
2026-03-04,5,Bread,Bakery,44,2,4,3,10,0,44.857142857142854,44.285714285714285
2026-03-05,5,Bread,Bakery,45,3,5,3,10,0,45.42857142857143,44.714285714285715
2026-03-06,5,Bread,Bakery,34,4,6,3,10,0,44.285714285714285,44.642857142857146
2026-03-07,5,Bread,Bakery,41,5,7,3,10,1,44.142857142857146,44.357142857142854
2026-03-08,5,Bread,Bakery,51,6,8,3,10,1,43.285714285714285,44.285714285714285
2026-03-09,5,Bread,Bakery,39,0,9,3,11,0,43.0,43.642857142857146
2026-03-10,5,Bread,Bakery,37,1,10,3,11,0,41.57142857142857,42.92857142857143
2026-03-11,5,Bread,Bakery,47,2,11,3,11,0,42.0,43.42857142857143
2026-03-12,5,Bread,Bakery,39,3,12,3,11,0,41.142857142857146,43.285714285714285
2026-03-13,5,Bread,Bakery,41,4,13,3,11,0,42.142857142857146,43.214285714285715
2026-03-14,5,Bread,Bakery,52,5,14,3,11,1,43.714285714285715,43.92857142857143
2026-03-15,5,Bread,Bakery,63,6,15,3,11,1,45.42857142857143,44.357142857142854
2026-03-16,5,Bread,Bakery,45,0,16,3,12,0,46.285714285714285,44.642857142857146
2026-03-17,5,Bread,Bakery,46,1,17,3,12,0,47.57142857142857,44.57142857142857
2026-03-18,5,Bread,Bakery,32,2,18,3,12,0,45.42857142857143,43.714285714285715
2026-03-19,5,Bread,Bakery,47,3,19,3,12,0,46.57142857142857,43.857142857142854
2026-03-20,5,Bread,Bakery,34,4,20,3,12,0,45.57142857142857,43.857142857142854
2026-03-21,5,Bread,Bakery,54,5,21,3,12,1,45.857142857142854,44.785714285714285
2026-03-22,5,Bread,Bakery,49,6,22,3,12,1,43.857142857142854,44.642857142857146
2026-03-23,5,Bread,Bakery,47,0,23,3,13,0,44.142857142857146,45.214285714285715
2026-03-24,5,Bread,Bakery,36,1,24,3,13,0,42.714285714285715,45.142857142857146
2026-03-25,5,Bread,Bakery,43,2,25,3,13,0,44.285714285714285,44.857142857142854
2026-03-26,5,Bread,Bakery,35,3,26,3,13,0,42.57142857142857,44.57142857142857
2026-03-27,5,Bread,Bakery,32,4,27,3,13,0,42.285714285714285,43.92857142857143
2026-03-28,5,Bread,Bakery,42,5,28,3,13,1,40.57142857142857,43.214285714285715
2026-03-29,5,Bread,Bakery,45,6,29,3,13,1,40.0,41.92857142857143
2026-03-30,5,Bread,Bakery,35,0,30,3,14,0,38.285714285714285,41.214285714285715
2026-03-31,5,Bread,Bakery,38,1,31,3,14,0,38.57142857142857,40.642857142857146
2026-04-01,5,Bread,Bakery,45,2,1,4,14,0,38.857142857142854,41.57142857142857
2026-04-02,5,Bread,Bakery,34,3,2,4,14,0,38.714285714285715,40.642857142857146
2026-04-03,5,Bread,Bakery,42,4,3,4,14,0,40.142857142857146,41.214285714285715
2026-04-04,5,Bread,Bakery,52,5,4,4,14,1,41.57142857142857,41.07142857142857
2026-04-05,5,Bread,Bakery,46,6,5,4,14,1,41.714285714285715,40.857142857142854
2026-04-06,5,Bread,Bakery,39,0,6,4,15,0,42.285714285714285,40.285714285714285
2026-04-07,5,Bread,Bakery,41,1,7,4,15,0,42.714285714285715,40.642857142857146
2026-04-08,5,Bread,Bakery,32,2,8,4,15,0,40.857142857142854,39.857142857142854
2026-04-09,5,Bread,Bakery,47,3,9,4,15,0,42.714285714285715,40.714285714285715
2026-04-10,5,Bread,Bakery,39,4,10,4,15,0,42.285714285714285,41.214285714285715
2026-04-11,5,Bread,Bakery,49,5,11,4,15,1,41.857142857142854,41.714285714285715
2026-04-12,5,Bread,Bakery,60,6,12,4,15,1,43.857142857142854,42.785714285714285
2026-04-13,5,Bread,Bakery,47,0,13,4,16,0,45.0,43.642857142857146
2026-04-14,5,Bread,Bakery,47,1,14,4,16,0,45.857142857142854,44.285714285714285
2026-04-15,5,Bread,Bakery,40,2,15,4,16,0,47.0,43.92857142857143
2026-04-16,5,Bread,Bakery,33,3,16,4,16,0,45.0,43.857142857142854
2026-04-17,5,Bread,Bakery,35,4,17,4,16,0,44.42857142857143,43.357142857142854
2026-04-18,5,Bread,Bakery,45,5,18,4,16,1,43.857142857142854,42.857142857142854
2026-04-19,5,Bread,Bakery,58,6,19,4,16,1,43.57142857142857,43.714285714285715
2026-04-20,5,Bread,Bakery,44,0,20,4,17,0,43.142857142857146,44.07142857142857
2026-04-21,5,Bread,Bakery,38,1,21,4,17,0,41.857142857142854,43.857142857142854
2026-04-22,5,Bread,Bakery,42,2,22,4,17,0,42.142857142857146,44.57142857142857
2026-04-23,5,Bread,Bakery,36,3,23,4,17,0,42.57142857142857,43.785714285714285
2026-04-24,5,Bread,Bakery,33,4,24,4,17,0,42.285714285714285,43.357142857142854
2026-04-25,5,Bread,Bakery,46,5,25,4,17,1,42.42857142857143,43.142857142857146
2026-04-26,5,Bread,Bakery,60,6,26,4,17,1,42.714285714285715,43.142857142857146
2026-04-27,5,Bread,Bakery,42,0,27,4,18,0,42.42857142857143,42.785714285714285
2026-04-28,5,Bread,Bakery,45,1,28,4,18,0,43.42857142857143,42.642857142857146
2026-04-29,5,Bread,Bakery,32,2,29,4,18,0,42.0,42.07142857142857
2026-04-30,5,Bread,Bakery,33,3,30,4,18,0,41.57142857142857,42.07142857142857
2026-05-01,5,Bread,Bakery,34,4,1,5,18,0,41.714285714285715,42.0
2026-05-02,5,Bread,Bakery,44,5,2,5,18,1,41.42857142857143,41.92857142857143
2026-05-03,5,Bread,Bakery,54,6,3,5,18,1,40.57142857142857,41.642857142857146
2026-05-04,5,Bread,Bakery,49,0,4,5,19,0,41.57142857142857,42.0
2026-05-05,5,Bread,Bakery,33,1,5,5,19,0,39.857142857142854,41.642857142857146
2026-05-06,5,Bread,Bakery,40,2,6,5,19,0,41.0,41.5
2026-05-07,5,Bread,Bakery,36,3,7,5,19,0,41.42857142857143,41.5
2026-05-08,5,Bread,Bakery,38,4,8,5,19,0,42.0,41.857142857142854
2026-05-09,5,Bread,Bakery,39,5,9,5,19,1,41.285714285714285,41.357142857142854
2026-05-10,5,Bread,Bakery,65,6,10,5,19,1,42.857142857142854,41.714285714285715
2026-05-11,5,Bread,Bakery,52,0,11,5,20,0,43.285714285714285,42.42857142857143
2026-05-12,5,Bread,Bakery,36,1,12,5,20,0,43.714285714285715,41.785714285714285
2026-05-13,5,Bread,Bakery,33,2,13,5,20,0,42.714285714285715,41.857142857142854
2026-05-14,5,Bread,Bakery,43,3,14,5,20,0,43.714285714285715,42.57142857142857
2026-05-15,5,Bread,Bakery,42,4,15,5,20,0,44.285714285714285,43.142857142857146
2026-05-16,5,Bread,Bakery,46,5,16,5,20,1,45.285714285714285,43.285714285714285
2026-05-17,5,Bread,Bakery,56,6,17,5,20,1,44.0,43.42857142857143
2026-05-18,5,Bread,Bakery,52,0,18,5,21,0,44.0,43.642857142857146
2026-05-19,5,Bread,Bakery,40,1,19,5,21,0,44.57142857142857,44.142857142857146
2026-05-20,5,Bread,Bakery,40,2,20,5,21,0,45.57142857142857,44.142857142857146
2026-05-21,5,Bread,Bakery,34,3,21,5,21,0,44.285714285714285,44.0
2026-05-22,5,Bread,Bakery,37,4,22,5,21,0,43.57142857142857,43.92857142857143
2026-05-23,5,Bread,Bakery,57,5,23,5,21,1,45.142857142857146,45.214285714285715
2026-05-24,5,Bread,Bakery,48,6,24,5,21,1,44.0,44.0
2026-05-25,5,Bread,Bakery,47,0,25,5,22,0,43.285714285714285,43.642857142857146
2026-05-26,5,Bread,Bakery,37,1,26,5,22,0,42.857142857142854,43.714285714285715
2026-05-27,5,Bread,Bakery,41,2,27,5,22,0,43.0,44.285714285714285
2026-05-28,5,Bread,Bakery,33,3,28,5,22,0,42.857142857142854,43.57142857142857
2026-05-29,5,Bread,Bakery,34,4,29,5,22,0,42.42857142857143,43.0
2026-05-30,5,Bread,Bakery,47,5,30,5,22,1,41.0,43.07142857142857
2026-05-31,5,Bread,Bakery,62,6,31,5,22,1,43.0,43.5
2026-06-01,5,Bread,Bakery,36,0,1,6,23,0,41.42857142857143,42.357142857142854
2026-06-02,5,Bread,Bakery,43,1,2,6,23,0,42.285714285714285,42.57142857142857
2026-06-03,5,Bread,Bakery,45,2,3,6,23,0,42.857142857142854,42.92857142857143
2026-06-04,5,Bread,Bakery,36,3,4,6,23,0,43.285714285714285,43.07142857142857
2026-06-05,5,Bread,Bakery,35,4,5,6,23,0,43.42857142857143,42.92857142857143
2026-06-06,5,Bread,Bakery,42,5,6,6,23,1,42.714285714285715,41.857142857142854
2026-06-07,5,Bread,Bakery,50,6,7,6,23,1,41.0,42.0
2026-06-08,5,Bread,Bakery,51,0,8,6,24,0,43.142857142857146,42.285714285714285
2026-06-09,5,Bread,Bakery,44,1,9,6,24,0,43.285714285714285,42.785714285714285
2026-06-10,5,Bread,Bakery,46,2,10,6,24,0,43.42857142857143,43.142857142857146
2026-06-11,5,Bread,Bakery,32,3,11,6,24,0,42.857142857142854,43.07142857142857
2026-06-12,5,Bread,Bakery,40,4,12,6,24,0,43.57142857142857,43.5
2026-06-13,5,Bread,Bakery,49,5,13,6,24,1,44.57142857142857,43.642857142857146
2026-06-14,5,Bread,Bakery,46,6,14,6,24,1,44.0,42.5
2026-06-15,5,Bread,Bakery,46,0,15,6,25,0,43.285714285714285,43.214285714285715
2026-06-16,5,Bread,Bakery,34,1,16,6,25,0,41.857142857142854,42.57142857142857
2026-06-17,5,Bread,Bakery,39,2,17,6,25,0,40.857142857142854,42.142857142857146
2026-06-18,5,Bread,Bakery,38,3,18,6,25,0,41.714285714285715,42.285714285714285
2026-06-19,5,Bread,Bakery,34,4,19,6,25,0,40.857142857142854,42.214285714285715
2026-06-20,5,Bread,Bakery,50,5,20,6,25,1,41.0,42.785714285714285
2026-06-21,5,Bread,Bakery,46,6,21,6,25,1,41.0,42.5
2026-06-22,5,Bread,Bakery,40,0,22,6,26,0,40.142857142857146,41.714285714285715
2026-06-23,5,Bread,Bakery,42,1,23,6,26,0,41.285714285714285,41.57142857142857
2026-06-24,5,Bread,Bakery,47,2,24,6,26,0,42.42857142857143,41.642857142857146
2026-06-25,5,Bread,Bakery,46,3,25,6,26,0,43.57142857142857,42.642857142857146
2026-06-26,5,Bread,Bakery,44,4,26,6,26,0,45.0,42.92857142857143
2026-06-27,5,Bread,Bakery,50,5,27,6,26,1,45.0,43.0
2026-06-28,5,Bread,Bakery,51,6,28,6,26,1,45.714285714285715,43.357142857142854
2026-06-29,5,Bread,Bakery,47,0,29,6,27,0,46.714285714285715,43.42857142857143
2026-06-30,5,Bread,Bakery,39,1,30,6,27,0,46.285714285714285,43.785714285714285
2026-07-01,5,Bread,Bakery,34,2,1,7,27,0,44.42857142857143,43.42857142857143
2026-07-02,5,Bread,Bakery,36,3,2,7,27,0,43.0,43.285714285714285
2026-07-03,5,Bread,Bakery,41,4,3,7,27,0,42.57142857142857,43.785714285714285
2026-07-04,5,Bread,Bakery,40,5,4,7,27,1,41.142857142857146,43.07142857142857
2026-07-05,5,Bread,Bakery,54,6,5,7,27,1,41.57142857142857,43.642857142857146
2026-07-06,5,Bread,Bakery,42,0,6,7,28,0,40.857142857142854,43.785714285714285
2026-07-07,5,Bread,Bakery,46,1,7,7,28,0,41.857142857142854,44.07142857142857
2026-07-08,5,Bread,Bakery,45,2,8,7,28,0,43.42857142857143,43.92857142857143
2026-07-09,5,Bread,Bakery,39,3,9,7,28,0,43.857142857142854,43.42857142857143
2026-07-10,5,Bread,Bakery,32,4,10,7,28,0,42.57142857142857,42.57142857142857
2026-07-11,5,Bread,Bakery,51,5,11,7,28,1,44.142857142857146,42.642857142857146
2026-07-12,5,Bread,Bakery,66,6,12,7,28,1,45.857142857142854,43.714285714285715
2026-07-13,5,Bread,Bakery,52,0,13,7,29,0,47.285714285714285,44.07142857142857
2026-07-14,5,Bread,Bakery,47,1,14,7,29,0,47.42857142857143,44.642857142857146
2026-07-15,5,Bread,Bakery,36,2,15,7,29,0,46.142857142857146,44.785714285714285
2026-07-16,5,Bread,Bakery,38,3,16,7,29,0,46.0,44.92857142857143
2026-07-17,5,Bread,Bakery,42,4,17,7,29,0,47.42857142857143,45.0
2026-07-18,5,Bread,Bakery,45,5,18,7,29,1,46.57142857142857,45.357142857142854
2026-07-19,5,Bread,Bakery,60,6,19,7,29,1,45.714285714285715,45.785714285714285
2026-07-20,5,Bread,Bakery,37,0,20,7,30,0,43.57142857142857,45.42857142857143
2026-07-21,5,Bread,Bakery,32,1,21,7,30,0,41.42857142857143,44.42857142857143
2026-07-22,5,Bread,Bakery,32,2,22,7,30,0,40.857142857142854,43.5
2026-07-23,5,Bread,Bakery,34,3,23,7,30,0,40.285714285714285,43.142857142857146
2026-07-24,5,Bread,Bakery,36,4,24,7,30,0,39.42857142857143,43.42857142857143
2026-07-25,5,Bread,Bakery,48,5,25,7,30,1,39.857142857142854,43.214285714285715
2026-07-26,5,Bread,Bakery,54,6,26,7,30,1,39.0,42.357142857142854
2026-07-27,5,Bread,Bakery,48,0,27,7,31,0,40.57142857142857,42.07142857142857
2026-07-28,5,Bread,Bakery,42,1,28,7,31,0,42.0,41.714285714285715
2026-07-29,5,Bread,Bakery,44,2,29,7,31,0,43.714285714285715,42.285714285714285
2026-07-30,5,Bread,Bakery,46,3,30,7,31,0,45.42857142857143,42.857142857142854
2026-07-31,5,Bread,Bakery,46,4,31,7,31,0,46.857142857142854,43.142857142857146
2025-08-01,6,Milk,Dairy,53,4,1,8,31,0,53.0,53.0
2025-08-02,6,Milk,Dairy,52,5,2,8,31,1,52.5,52.5
2025-08-03,6,Milk,Dairy,74,6,3,8,31,1,59.666666666666664,59.666666666666664
2025-08-04,6,Milk,Dairy,57,0,4,8,32,0,59.0,59.0
2025-08-05,6,Milk,Dairy,52,1,5,8,32,0,57.6,57.6
2025-08-06,6,Milk,Dairy,44,2,6,8,32,0,55.333333333333336,55.333333333333336
2025-08-07,6,Milk,Dairy,58,3,7,8,32,0,55.714285714285715,55.714285714285715
2025-08-08,6,Milk,Dairy,52,4,8,8,32,0,55.57142857142857,55.25
2025-08-09,6,Milk,Dairy,54,5,9,8,32,1,55.857142857142854,55.111111111111114
2025-08-10,6,Milk,Dairy,67,6,10,8,32,1,54.857142857142854,56.3
2025-08-11,6,Milk,Dairy,48,0,11,8,33,0,53.57142857142857,55.54545454545455
2025-08-12,6,Milk,Dairy,48,1,12,8,33,0,53.0,54.916666666666664
2025-08-13,6,Milk,Dairy,54,2,13,8,33,0,54.42857142857143,54.84615384615385
2025-08-14,6,Milk,Dairy,59,3,14,8,33,0,54.57142857142857,55.142857142857146
2025-08-15,6,Milk,Dairy,52,4,15,8,33,0,54.57142857142857,55.07142857142857
2025-08-16,6,Milk,Dairy,55,5,16,8,33,1,54.714285714285715,55.285714285714285
2025-08-17,6,Milk,Dairy,81,6,17,8,33,1,56.714285714285715,55.785714285714285
2025-08-18,6,Milk,Dairy,56,0,18,8,34,0,57.857142857142854,55.714285714285715
2025-08-19,6,Milk,Dairy,46,1,19,8,34,0,57.57142857142857,55.285714285714285
2025-08-20,6,Milk,Dairy,51,2,20,8,34,0,57.142857142857146,55.785714285714285
2025-08-21,6,Milk,Dairy,41,3,21,8,34,0,54.57142857142857,54.57142857142857
2025-08-22,6,Milk,Dairy,55,4,22,8,34,0,55.0,54.785714285714285
2025-08-23,6,Milk,Dairy,64,5,23,8,34,1,56.285714285714285,55.5
2025-08-24,6,Milk,Dairy,67,6,24,8,34,1,54.285714285714285,55.5
2025-08-25,6,Milk,Dairy,45,0,25,8,35,0,52.714285714285715,55.285714285714285
2025-08-26,6,Milk,Dairy,44,1,26,8,35,0,52.42857142857143,55.0
2025-08-27,6,Milk,Dairy,48,2,27,8,35,0,52.0,54.57142857142857
2025-08-28,6,Milk,Dairy,51,3,28,8,35,0,53.42857142857143,54.0
2025-08-29,6,Milk,Dairy,59,4,29,8,35,0,54.0,54.5
2025-08-30,6,Milk,Dairy,53,5,30,8,35,1,52.42857142857143,54.357142857142854
2025-08-31,6,Milk,Dairy,74,6,31,8,35,1,53.42857142857143,53.857142857142854
2025-09-01,6,Milk,Dairy,54,0,1,9,36,0,54.714285714285715,53.714285714285715
2025-09-02,6,Milk,Dairy,57,1,2,9,36,0,56.57142857142857,54.5
2025-09-03,6,Milk,Dairy,40,2,3,9,36,0,55.42857142857143,53.714285714285715
2025-09-04,6,Milk,Dairy,51,3,4,9,36,0,55.42857142857143,54.42857142857143
2025-09-05,6,Milk,Dairy,58,4,5,9,36,0,55.285714285714285,54.642857142857146
2025-09-06,6,Milk,Dairy,54,5,6,9,36,1,55.42857142857143,53.92857142857143
2025-09-07,6,Milk,Dairy,70,6,7,9,36,1,54.857142857142854,54.142857142857146
2025-09-08,6,Milk,Dairy,62,0,8,9,37,0,56.0,55.357142857142854
2025-09-09,6,Milk,Dairy,52,1,9,9,37,0,55.285714285714285,55.92857142857143
2025-09-10,6,Milk,Dairy,54,2,10,9,37,0,57.285714285714285,56.357142857142854
2025-09-11,6,Milk,Dairy,42,3,11,9,37,0,56.0,55.714285714285715
2025-09-12,6,Milk,Dairy,44,4,12,9,37,0,54.0,54.642857142857146
2025-09-13,6,Milk,Dairy,57,5,13,9,37,1,54.42857142857143,54.92857142857143
2025-09-14,6,Milk,Dairy,62,6,14,9,37,1,53.285714285714285,54.07142857142857
2025-09-15,6,Milk,Dairy,56,0,15,9,38,0,52.42857142857143,54.214285714285715
2025-09-16,6,Milk,Dairy,53,1,16,9,38,0,52.57142857142857,53.92857142857143
2025-09-17,6,Milk,Dairy,46,2,17,9,38,0,51.42857142857143,54.357142857142854
2025-09-18,6,Milk,Dairy,53,3,18,9,38,0,53.0,54.5
2025-09-19,6,Milk,Dairy,51,4,19,9,38,0,54.0,54.0
2025-09-20,6,Milk,Dairy,52,5,20,9,38,1,53.285714285714285,53.857142857142854
2025-09-21,6,Milk,Dairy,61,6,21,9,38,1,53.142857142857146,53.214285714285715
2025-09-22,6,Milk,Dairy,57,0,22,9,39,0,53.285714285714285,52.857142857142854
2025-09-23,6,Milk,Dairy,55,1,23,9,39,0,53.57142857142857,53.07142857142857
2025-09-24,6,Milk,Dairy,56,2,24,9,39,0,55.0,53.214285714285715
2025-09-25,6,Milk,Dairy,52,3,25,9,39,0,54.857142857142854,53.92857142857143
2025-09-26,6,Milk,Dairy,45,4,26,9,39,0,54.0,54.0
2025-09-27,6,Milk,Dairy,54,5,27,9,39,1,54.285714285714285,53.785714285714285
2025-09-28,6,Milk,Dairy,56,6,28,9,39,1,53.57142857142857,53.357142857142854
2025-09-29,6,Milk,Dairy,59,0,29,9,40,0,53.857142857142854,53.57142857142857
2025-09-30,6,Milk,Dairy,59,1,30,9,40,0,54.42857142857143,54.0
2025-10-01,6,Milk,Dairy,40,2,1,10,40,0,52.142857142857146,53.57142857142857
2025-10-02,6,Milk,Dairy,40,3,2,10,40,0,50.42857142857143,52.642857142857146
2025-10-03,6,Milk,Dairy,47,4,3,10,40,0,50.714285714285715,52.357142857142854
2025-10-04,6,Milk,Dairy,49,5,4,10,40,1,50.0,52.142857142857146
2025-10-05,6,Milk,Dairy,76,6,5,10,40,1,52.857142857142854,53.214285714285715
2025-10-06,6,Milk,Dairy,48,0,6,10,41,0,51.285714285714285,52.57142857142857
2025-10-07,6,Milk,Dairy,59,1,7,10,41,0,51.285714285714285,52.857142857142854
2025-10-08,6,Milk,Dairy,41,2,8,10,41,0,51.42857142857143,51.785714285714285
2025-10-09,6,Milk,Dairy,59,3,9,10,41,0,54.142857142857146,52.285714285714285
2025-10-10,6,Milk,Dairy,56,4,10,10,41,0,55.42857142857143,53.07142857142857
2025-10-11,6,Milk,Dairy,71,5,11,10,41,1,58.57142857142857,54.285714285714285
2025-10-12,6,Milk,Dairy,78,6,12,10,41,1,58.857142857142854,55.857142857142854
2025-10-13,6,Milk,Dairy,44,0,13,10,42,0,58.285714285714285,54.785714285714285
2025-10-14,6,Milk,Dairy,45,1,14,10,42,0,56.285714285714285,53.785714285714285
2025-10-15,6,Milk,Dairy,52,2,15,10,42,0,57.857142857142854,54.642857142857146
2025-10-16,6,Milk,Dairy,49,3,16,10,42,0,56.42857142857143,55.285714285714285
2025-10-17,6,Milk,Dairy,42,4,17,10,42,0,54.42857142857143,54.92857142857143
2025-10-18,6,Milk,Dairy,65,5,18,10,42,1,53.57142857142857,56.07142857142857
2025-10-19,6,Milk,Dairy,55,6,19,10,42,1,50.285714285714285,54.57142857142857
2025-10-20,6,Milk,Dairy,54,0,20,10,43,0,51.714285714285715,55.0
2025-10-21,6,Milk,Dairy,49,1,21,10,43,0,52.285714285714285,54.285714285714285
2025-10-22,6,Milk,Dairy,46,2,22,10,43,0,51.42857142857143,54.642857142857146
2025-10-23,6,Milk,Dairy,49,3,23,10,43,0,51.42857142857143,53.92857142857143
2025-10-24,6,Milk,Dairy,58,4,24,10,43,0,53.714285714285715,54.07142857142857
2025-10-25,6,Milk,Dairy,58,5,25,10,43,1,52.714285714285715,53.142857142857146
2025-10-26,6,Milk,Dairy,80,6,26,10,43,1,56.285714285714285,53.285714285714285
2025-10-27,6,Milk,Dairy,63,0,27,10,44,0,57.57142857142857,54.642857142857146
2025-10-28,6,Milk,Dairy,42,1,28,10,44,0,56.57142857142857,54.42857142857143
2025-10-29,6,Milk,Dairy,48,2,29,10,44,0,56.857142857142854,54.142857142857146
2025-10-30,6,Milk,Dairy,59,3,30,10,44,0,58.285714285714285,54.857142857142854
2025-10-31,6,Milk,Dairy,43,4,31,10,44,0,56.142857142857146,54.92857142857143
2025-11-01,6,Milk,Dairy,68,5,1,11,44,1,57.57142857142857,55.142857142857146
2025-11-02,6,Milk,Dairy,63,6,2,11,44,1,55.142857142857146,55.714285714285715
2025-11-03,6,Milk,Dairy,53,0,3,11,45,0,53.714285714285715,55.642857142857146
2025-11-04,6,Milk,Dairy,58,1,4,11,45,0,56.0,56.285714285714285
2025-11-05,6,Milk,Dairy,51,2,5,11,45,0,56.42857142857143,56.642857142857146
2025-11-06,6,Milk,Dairy,49,3,6,11,45,0,55.0,56.642857142857146
2025-11-07,6,Milk,Dairy,47,4,7,11,45,0,55.57142857142857,55.857142857142854
2025-11-08,6,Milk,Dairy,70,5,8,11,45,1,55.857142857142854,56.714285714285715
2025-11-09,6,Milk,Dairy,59,6,9,11,45,1,55.285714285714285,55.214285714285715
2025-11-10,6,Milk,Dairy,59,0,10,11,46,0,56.142857142857146,54.92857142857143
2025-11-11,6,Milk,Dairy,47,1,11,11,46,0,54.57142857142857,55.285714285714285
2025-11-12,6,Milk,Dairy,57,2,12,11,46,0,55.42857142857143,55.92857142857143
2025-11-13,6,Milk,Dairy,43,3,13,11,46,0,54.57142857142857,54.785714285714285
2025-11-14,6,Milk,Dairy,57,4,14,11,46,0,56.0,55.785714285714285
2025-11-15,6,Milk,Dairy,63,5,15,11,46,1,55.0,55.42857142857143
2025-11-16,6,Milk,Dairy,67,6,16,11,46,1,56.142857142857146,55.714285714285715
2025-11-17,6,Milk,Dairy,55,0,17,11,47,0,55.57142857142857,55.857142857142854
2025-11-18,6,Milk,Dairy,58,1,18,11,47,0,57.142857142857146,55.857142857142854
2025-11-19,6,Milk,Dairy,53,2,19,11,47,0,56.57142857142857,56.0
2025-11-20,6,Milk,Dairy,56,3,20,11,47,0,58.42857142857143,56.5
2025-11-21,6,Milk,Dairy,45,4,21,11,47,0,56.714285714285715,56.357142857142854
2025-11-22,6,Milk,Dairy,62,5,22,11,47,1,56.57142857142857,55.785714285714285
2025-11-23,6,Milk,Dairy,72,6,23,11,47,1,57.285714285714285,56.714285714285715
2025-11-24,6,Milk,Dairy,50,0,24,11,48,0,56.57142857142857,56.07142857142857
2025-11-25,6,Milk,Dairy,42,1,25,11,48,0,54.285714285714285,55.714285714285715
2025-11-26,6,Milk,Dairy,49,2,26,11,48,0,53.714285714285715,55.142857142857146
2025-11-27,6,Milk,Dairy,57,3,27,11,48,0,53.857142857142854,56.142857142857146
2025-11-28,6,Milk,Dairy,50,4,28,11,48,0,54.57142857142857,55.642857142857146
2025-11-29,6,Milk,Dairy,53,5,29,11,48,1,53.285714285714285,54.92857142857143
2025-11-30,6,Milk,Dairy,80,6,30,11,48,1,54.42857142857143,55.857142857142854
2025-12-01,6,Milk,Dairy,63,0,1,12,49,0,56.285714285714285,56.42857142857143
2025-12-02,6,Milk,Dairy,43,1,2,12,49,0,56.42857142857143,55.357142857142854
2025-12-03,6,Milk,Dairy,48,2,3,12,49,0,56.285714285714285,55.0
2025-12-04,6,Milk,Dairy,47,3,4,12,49,0,54.857142857142854,54.357142857142854
2025-12-05,6,Milk,Dairy,40,4,5,12,49,0,53.42857142857143,54.0
2025-12-06,6,Milk,Dairy,53,5,6,12,49,1,53.42857142857143,53.357142857142854
2025-12-07,6,Milk,Dairy,58,6,7,12,49,1,50.285714285714285,52.357142857142854
2025-12-08,6,Milk,Dairy,51,0,8,12,50,0,48.57142857142857,52.42857142857143
2025-12-09,6,Milk,Dairy,50,1,9,12,50,0,49.57142857142857,53.0
2025-12-10,6,Milk,Dairy,49,2,10,12,50,0,49.714285714285715,53.0
2025-12-11,6,Milk,Dairy,41,3,11,12,50,0,48.857142857142854,51.857142857142854
2025-12-12,6,Milk,Dairy,59,4,12,12,50,0,51.57142857142857,52.5
2025-12-13,6,Milk,Dairy,66,5,13,12,50,1,53.42857142857143,53.42857142857143
2025-12-14,6,Milk,Dairy,57,6,14,12,50,1,53.285714285714285,51.785714285714285
2025-12-15,6,Milk,Dairy,46,0,15,12,51,0,52.57142857142857,50.57142857142857
2025-12-16,6,Milk,Dairy,42,1,16,12,51,0,51.42857142857143,50.5
2025-12-17,6,Milk,Dairy,47,2,17,12,51,0,51.142857142857146,50.42857142857143
2025-12-18,6,Milk,Dairy,55,3,18,12,51,0,53.142857142857146,51.0
2025-12-19,6,Milk,Dairy,40,4,19,12,51,0,50.42857142857143,51.0
2025-12-20,6,Milk,Dairy,48,5,20,12,51,1,47.857142857142854,50.642857142857146
2025-12-21,6,Milk,Dairy,61,6,21,12,51,1,48.42857142857143,50.857142857142854
2025-12-22,6,Milk,Dairy,45,0,22,12,52,0,48.285714285714285,50.42857142857143
2025-12-23,6,Milk,Dairy,45,1,23,12,52,0,48.714285714285715,50.07142857142857
2025-12-24,6,Milk,Dairy,40,2,24,12,52,0,47.714285714285715,49.42857142857143
2025-12-25,6,Milk,Dairy,46,3,25,12,52,0,46.42857142857143,49.785714285714285
2025-12-26,6,Milk,Dairy,56,4,26,12,52,0,48.714285714285715,49.57142857142857
2025-12-27,6,Milk,Dairy,61,5,27,12,52,1,50.57142857142857,49.214285714285715
2025-12-28,6,Milk,Dairy,78,6,28,12,52,1,53.0,50.714285714285715
2025-12-29,6,Milk,Dairy,50,0,29,12,1,0,53.714285714285715,51.0
2025-12-30,6,Milk,Dairy,46,1,30,12,1,0,53.857142857142854,51.285714285714285
2025-12-31,6,Milk,Dairy,55,2,31,12,1,0,56.0,51.857142857142854
2026-01-01,6,Milk,Dairy,58,3,1,1,1,0,57.714285714285715,52.07142857142857
2026-01-02,6,Milk,Dairy,48,4,2,1,1,0,56.57142857142857,52.642857142857146
2026-01-03,6,Milk,Dairy,67,5,3,1,1,1,57.42857142857143,54.0
2026-01-04,6,Milk,Dairy,77,6,4,1,1,1,57.285714285714285,55.142857142857146
2026-01-05,6,Milk,Dairy,45,0,5,1,2,0,56.57142857142857,55.142857142857146
2026-01-06,6,Milk,Dairy,48,1,6,1,2,0,56.857142857142854,55.357142857142854
2026-01-07,6,Milk,Dairy,51,2,7,1,2,0,56.285714285714285,56.142857142857146
2026-01-08,6,Milk,Dairy,53,3,8,1,2,0,55.57142857142857,56.642857142857146
2026-01-09,6,Milk,Dairy,53,4,9,1,2,0,56.285714285714285,56.42857142857143
2026-01-10,6,Milk,Dairy,64,5,10,1,2,1,55.857142857142854,56.642857142857146
2026-01-11,6,Milk,Dairy,65,6,11,1,2,1,54.142857142857146,55.714285714285715
2026-01-12,6,Milk,Dairy,62,0,12,1,3,0,56.57142857142857,56.57142857142857
2026-01-13,6,Milk,Dairy,42,1,13,1,3,0,55.714285714285715,56.285714285714285
2026-01-14,6,Milk,Dairy,48,2,14,1,3,0,55.285714285714285,55.785714285714285
2026-01-15,6,Milk,Dairy,46,3,15,1,3,0,54.285714285714285,54.92857142857143
2026-01-16,6,Milk,Dairy,45,4,16,1,3,0,53.142857142857146,54.714285714285715
2026-01-17,6,Milk,Dairy,63,5,17,1,3,1,53.0,54.42857142857143
2026-01-18,6,Milk,Dairy,62,6,18,1,3,1,52.57142857142857,53.357142857142854
2026-01-19,6,Milk,Dairy,44,0,19,1,4,0,50.0,53.285714285714285
2026-01-20,6,Milk,Dairy,56,1,20,1,4,0,52.0,53.857142857142854
2026-01-21,6,Milk,Dairy,54,2,21,1,4,0,52.857142857142854,54.07142857142857
2026-01-22,6,Milk,Dairy,50,3,22,1,4,0,53.42857142857143,53.857142857142854
2026-01-23,6,Milk,Dairy,42,4,23,1,4,0,53.0,53.07142857142857
2026-01-24,6,Milk,Dairy,62,5,24,1,4,1,52.857142857142854,52.92857142857143
2026-01-25,6,Milk,Dairy,69,6,25,1,4,1,53.857142857142854,53.214285714285715
2026-01-26,6,Milk,Dairy,44,0,26,1,5,0,53.857142857142854,51.92857142857143
2026-01-27,6,Milk,Dairy,40,1,27,1,5,0,51.57142857142857,51.785714285714285
2026-01-28,6,Milk,Dairy,56,2,28,1,5,0,51.857142857142854,52.357142857142854
2026-01-29,6,Milk,Dairy,58,3,29,1,5,0,53.0,53.214285714285715
2026-01-30,6,Milk,Dairy,55,4,30,1,5,0,54.857142857142854,53.92857142857143
2026-01-31,6,Milk,Dairy,57,5,31,1,5,1,54.142857142857146,53.5
2026-02-01,6,Milk,Dairy,57,6,1,2,5,1,52.42857142857143,53.142857142857146
2026-02-02,6,Milk,Dairy,57,0,2,2,6,0,54.285714285714285,54.07142857142857
2026-02-03,6,Milk,Dairy,45,1,3,2,6,0,55.0,53.285714285714285
2026-02-04,6,Milk,Dairy,59,2,4,2,6,0,55.42857142857143,53.642857142857146
2026-02-05,6,Milk,Dairy,47,3,5,2,6,0,53.857142857142854,53.42857142857143
2026-02-06,6,Milk,Dairy,50,4,6,2,6,0,53.142857142857146,54.0
2026-02-07,6,Milk,Dairy,61,5,7,2,6,1,53.714285714285715,53.92857142857143
2026-02-08,6,Milk,Dairy,58,6,8,2,6,1,53.857142857142854,53.142857142857146
2026-02-09,6,Milk,Dairy,51,0,9,2,7,0,53.0,53.642857142857146
2026-02-10,6,Milk,Dairy,52,1,10,2,7,0,54.0,54.5
2026-02-11,6,Milk,Dairy,51,2,11,2,7,0,52.857142857142854,54.142857142857146
2026-02-12,6,Milk,Dairy,54,3,12,2,7,0,53.857142857142854,53.857142857142854
2026-02-13,6,Milk,Dairy,53,4,13,2,7,0,54.285714285714285,53.714285714285715
2026-02-14,6,Milk,Dairy,69,5,14,2,7,1,55.42857142857143,54.57142857142857
2026-02-15,6,Milk,Dairy,81,6,15,2,7,1,58.714285714285715,56.285714285714285
2026-02-16,6,Milk,Dairy,55,0,16,2,8,0,59.285714285714285,56.142857142857146
2026-02-17,6,Milk,Dairy,56,1,17,2,8,0,59.857142857142854,56.92857142857143
2026-02-18,6,Milk,Dairy,55,2,18,2,8,0,60.42857142857143,56.642857142857146
2026-02-19,6,Milk,Dairy,56,3,19,2,8,0,60.714285714285715,57.285714285714285
2026-02-20,6,Milk,Dairy,52,4,20,2,8,0,60.57142857142857,57.42857142857143
2026-02-21,6,Milk,Dairy,61,5,21,2,8,1,59.42857142857143,57.42857142857143
2026-02-22,6,Milk,Dairy,72,6,22,2,8,1,58.142857142857146,58.42857142857143
2026-02-23,6,Milk,Dairy,54,0,23,2,9,0,58.0,58.642857142857146
2026-02-24,6,Milk,Dairy,44,1,24,2,9,0,56.285714285714285,58.07142857142857
2026-02-25,6,Milk,Dairy,56,2,25,2,9,0,56.42857142857143,58.42857142857143
2026-02-26,6,Milk,Dairy,43,3,26,2,9,0,54.57142857142857,57.642857142857146
2026-02-27,6,Milk,Dairy,42,4,27,2,9,0,53.142857142857146,56.857142857142854
2026-02-28,6,Milk,Dairy,60,5,28,2,9,1,53.0,56.214285714285715
2026-03-01,6,Milk,Dairy,69,6,1,3,9,1,52.57142857142857,55.357142857142854
2026-03-02,6,Milk,Dairy,62,0,2,3,10,0,53.714285714285715,55.857142857142854
2026-03-03,6,Milk,Dairy,51,1,3,3,10,0,54.714285714285715,55.5
2026-03-04,6,Milk,Dairy,55,2,4,3,10,0,54.57142857142857,55.5
2026-03-05,6,Milk,Dairy,42,3,5,3,10,0,54.42857142857143,54.5
2026-03-06,6,Milk,Dairy,53,4,6,3,10,0,56.0,54.57142857142857
2026-03-07,6,Milk,Dairy,52,5,7,3,10,1,54.857142857142854,53.92857142857143
2026-03-08,6,Milk,Dairy,64,6,8,3,10,1,54.142857142857146,53.357142857142854
2026-03-09,6,Milk,Dairy,56,0,9,3,11,0,53.285714285714285,53.5
2026-03-10,6,Milk,Dairy,46,1,10,3,11,0,52.57142857142857,53.642857142857146
2026-03-11,6,Milk,Dairy,56,2,11,3,11,0,52.714285714285715,53.642857142857146
2026-03-12,6,Milk,Dairy,45,3,12,3,11,0,53.142857142857146,53.785714285714285
2026-03-13,6,Milk,Dairy,51,4,13,3,11,0,52.857142857142854,54.42857142857143
2026-03-14,6,Milk,Dairy,50,5,14,3,11,1,52.57142857142857,53.714285714285715
2026-03-15,6,Milk,Dairy,68,6,15,3,11,1,53.142857142857146,53.642857142857146
2026-03-16,6,Milk,Dairy,55,0,16,3,12,0,53.0,53.142857142857146
2026-03-17,6,Milk,Dairy,59,1,17,3,12,0,54.857142857142854,53.714285714285715
2026-03-18,6,Milk,Dairy,51,2,18,3,12,0,54.142857142857146,53.42857142857143
2026-03-19,6,Milk,Dairy,57,3,19,3,12,0,55.857142857142854,54.5
2026-03-20,6,Milk,Dairy,54,4,20,3,12,0,56.285714285714285,54.57142857142857
2026-03-21,6,Milk,Dairy,60,5,21,3,12,1,57.714285714285715,55.142857142857146
2026-03-22,6,Milk,Dairy,61,6,22,3,12,1,56.714285714285715,54.92857142857143
2026-03-23,6,Milk,Dairy,45,0,23,3,13,0,55.285714285714285,54.142857142857146
2026-03-24,6,Milk,Dairy,42,1,24,3,13,0,52.857142857142854,53.857142857142854
2026-03-25,6,Milk,Dairy,52,2,25,3,13,0,53.0,53.57142857142857
2026-03-26,6,Milk,Dairy,55,3,26,3,13,0,52.714285714285715,54.285714285714285
2026-03-27,6,Milk,Dairy,50,4,27,3,13,0,52.142857142857146,54.214285714285715
2026-03-28,6,Milk,Dairy,61,5,28,3,13,1,52.285714285714285,55.0
2026-03-29,6,Milk,Dairy,67,6,29,3,13,1,53.142857142857146,54.92857142857143
2026-03-30,6,Milk,Dairy,51,0,30,3,14,0,54.0,54.642857142857146
2026-03-31,6,Milk,Dairy,55,1,31,3,14,0,55.857142857142854,54.357142857142854
2026-04-01,6,Milk,Dairy,58,2,1,4,14,0,56.714285714285715,54.857142857142854
2026-04-02,6,Milk,Dairy,50,3,2,4,14,0,56.0,54.357142857142854
2026-04-03,6,Milk,Dairy,50,4,3,4,14,0,56.0,54.07142857142857
2026-04-04,6,Milk,Dairy,50,5,4,4,14,1,54.42857142857143,53.357142857142854
2026-04-05,6,Milk,Dairy,56,6,5,4,14,1,52.857142857142854,53.0
2026-04-06,6,Milk,Dairy,63,0,6,4,15,0,54.57142857142857,54.285714285714285
2026-04-07,6,Milk,Dairy,53,1,7,4,15,0,54.285714285714285,55.07142857142857
2026-04-08,6,Milk,Dairy,58,2,8,4,15,0,54.285714285714285,55.5
2026-04-09,6,Milk,Dairy,53,3,9,4,15,0,54.714285714285715,55.357142857142854
2026-04-10,6,Milk,Dairy,56,4,10,4,15,0,55.57142857142857,55.785714285714285
2026-04-11,6,Milk,Dairy,51,5,11,4,15,1,55.714285714285715,55.07142857142857
2026-04-12,6,Milk,Dairy,60,6,12,4,15,1,56.285714285714285,54.57142857142857
2026-04-13,6,Milk,Dairy,56,0,13,4,16,0,55.285714285714285,54.92857142857143
2026-04-14,6,Milk,Dairy,42,1,14,4,16,0,53.714285714285715,54.0
2026-04-15,6,Milk,Dairy,55,2,15,4,16,0,53.285714285714285,53.785714285714285
2026-04-16,6,Milk,Dairy,59,3,16,4,16,0,54.142857142857146,54.42857142857143
2026-04-17,6,Milk,Dairy,42,4,17,4,16,0,52.142857142857146,53.857142857142854
2026-04-18,6,Milk,Dairy,68,5,18,4,16,1,54.57142857142857,55.142857142857146
2026-04-19,6,Milk,Dairy,68,6,19,4,16,1,55.714285714285715,56.0
2026-04-20,6,Milk,Dairy,58,0,20,4,17,0,56.0,55.642857142857146
2026-04-21,6,Milk,Dairy,56,1,21,4,17,0,58.0,55.857142857142854
2026-04-22,6,Milk,Dairy,52,2,22,4,17,0,57.57142857142857,55.42857142857143
2026-04-23,6,Milk,Dairy,59,3,23,4,17,0,57.57142857142857,55.857142857142854
2026-04-24,6,Milk,Dairy,42,4,24,4,17,0,57.57142857142857,54.857142857142854
2026-04-25,6,Milk,Dairy,61,5,25,4,17,1,56.57142857142857,55.57142857142857
2026-04-26,6,Milk,Dairy,57,6,26,4,17,1,55.0,55.357142857142854
2026-04-27,6,Milk,Dairy,61,0,27,4,18,0,55.42857142857143,55.714285714285715
2026-04-28,6,Milk,Dairy,57,1,28,4,18,0,55.57142857142857,56.785714285714285
2026-04-29,6,Milk,Dairy,58,2,29,4,18,0,56.42857142857143,57.0
2026-04-30,6,Milk,Dairy,43,3,30,4,18,0,54.142857142857146,55.857142857142854
2026-05-01,6,Milk,Dairy,59,4,1,5,18,0,56.57142857142857,57.07142857142857
2026-05-02,6,Milk,Dairy,66,5,2,5,18,1,57.285714285714285,56.92857142857143
2026-05-03,6,Milk,Dairy,65,6,3,5,18,1,58.42857142857143,56.714285714285715
2026-05-04,6,Milk,Dairy,59,0,4,5,19,0,58.142857142857146,56.785714285714285
2026-05-05,6,Milk,Dairy,40,1,5,5,19,0,55.714285714285715,55.642857142857146
2026-05-06,6,Milk,Dairy,48,2,6,5,19,0,54.285714285714285,55.357142857142854
2026-05-07,6,Milk,Dairy,47,3,7,5,19,0,54.857142857142854,54.5
2026-05-08,6,Milk,Dairy,42,4,8,5,19,0,52.42857142857143,54.5
2026-05-09,6,Milk,Dairy,54,5,9,5,19,1,50.714285714285715,54.0
2026-05-10,6,Milk,Dairy,64,6,10,5,19,1,50.57142857142857,54.5
2026-05-11,6,Milk,Dairy,46,0,11,5,20,0,48.714285714285715,53.42857142857143
2026-05-12,6,Milk,Dairy,53,1,12,5,20,0,50.57142857142857,53.142857142857146
2026-05-13,6,Milk,Dairy,51,2,13,5,20,0,51.0,52.642857142857146
2026-05-14,6,Milk,Dairy,48,3,14,5,20,0,51.142857142857146,53.0
2026-05-15,6,Milk,Dairy,44,4,15,5,20,0,51.42857142857143,51.92857142857143
2026-05-16,6,Milk,Dairy,60,5,16,5,20,1,52.285714285714285,51.5
2026-05-17,6,Milk,Dairy,72,6,17,5,20,1,53.42857142857143,52.0
2026-05-18,6,Milk,Dairy,58,0,18,5,21,0,55.142857142857146,51.92857142857143
2026-05-19,6,Milk,Dairy,50,1,19,5,21,0,54.714285714285715,52.642857142857146
2026-05-20,6,Milk,Dairy,46,2,20,5,21,0,54.0,52.5
2026-05-21,6,Milk,Dairy,46,3,21,5,21,0,53.714285714285715,52.42857142857143
2026-05-22,6,Milk,Dairy,46,4,22,5,21,0,54.0,52.714285714285715
2026-05-23,6,Milk,Dairy,53,5,23,5,21,1,53.0,52.642857142857146
2026-05-24,6,Milk,Dairy,72,6,24,5,21,1,53.0,53.214285714285715
2026-05-25,6,Milk,Dairy,48,0,25,5,22,0,51.57142857142857,53.357142857142854
2026-05-26,6,Milk,Dairy,49,1,26,5,22,0,51.42857142857143,53.07142857142857
2026-05-27,6,Milk,Dairy,46,2,27,5,22,0,51.42857142857143,52.714285714285715
2026-05-28,6,Milk,Dairy,42,3,28,5,22,0,50.857142857142854,52.285714285714285
2026-05-29,6,Milk,Dairy,47,4,29,5,22,0,51.0,52.5
2026-05-30,6,Milk,Dairy,51,5,30,5,22,1,50.714285714285715,51.857142857142854
2026-05-31,6,Milk,Dairy,81,6,31,5,22,1,52.0,52.5
2026-06-01,6,Milk,Dairy,44,0,1,6,23,0,51.42857142857143,51.5
2026-06-02,6,Milk,Dairy,55,1,2,6,23,0,52.285714285714285,51.857142857142854
2026-06-03,6,Milk,Dairy,40,2,3,6,23,0,51.42857142857143,51.42857142857143
2026-06-04,6,Milk,Dairy,59,3,4,6,23,0,53.857142857142854,52.357142857142854
2026-06-05,6,Milk,Dairy,56,4,5,6,23,0,55.142857142857146,53.07142857142857
2026-06-06,6,Milk,Dairy,52,5,6,6,23,1,55.285714285714285,53.0
2026-06-07,6,Milk,Dairy,62,6,7,6,23,1,52.57142857142857,52.285714285714285
2026-06-08,6,Milk,Dairy,65,0,8,6,24,0,55.57142857142857,53.5
2026-06-09,6,Milk,Dairy,53,1,9,6,24,0,55.285714285714285,53.785714285714285
2026-06-10,6,Milk,Dairy,41,2,10,6,24,0,55.42857142857143,53.42857142857143
2026-06-11,6,Milk,Dairy,55,3,11,6,24,0,54.857142857142854,54.357142857142854
2026-06-12,6,Milk,Dairy,44,4,12,6,24,0,53.142857142857146,54.142857142857146
2026-06-13,6,Milk,Dairy,59,5,13,6,24,1,54.142857142857146,54.714285714285715
2026-06-14,6,Milk,Dairy,78,6,14,6,24,1,56.42857142857143,54.5
2026-06-15,6,Milk,Dairy,47,0,15,6,25,0,53.857142857142854,54.714285714285715
2026-06-16,6,Milk,Dairy,47,1,16,6,25,0,53.0,54.142857142857146
2026-06-17,6,Milk,Dairy,42,2,17,6,25,0,53.142857142857146,54.285714285714285
2026-06-18,6,Milk,Dairy,42,3,18,6,25,0,51.285714285714285,53.07142857142857
2026-06-19,6,Milk,Dairy,55,4,19,6,25,0,52.857142857142854,53.0
2026-06-20,6,Milk,Dairy,58,5,20,6,25,1,52.714285714285715,53.42857142857143
2026-06-21,6,Milk,Dairy,57,6,21,6,25,1,49.714285714285715,53.07142857142857
2026-06-22,6,Milk,Dairy,45,0,22,6,26,0,49.42857142857143,51.642857142857146
2026-06-23,6,Milk,Dairy,46,1,23,6,26,0,49.285714285714285,51.142857142857146
2026-06-24,6,Milk,Dairy,49,2,24,6,26,0,50.285714285714285,51.714285714285715
2026-06-25,6,Milk,Dairy,42,3,25,6,26,0,50.285714285714285,50.785714285714285
2026-06-26,6,Milk,Dairy,40,4,26,6,26,0,48.142857142857146,50.5
2026-06-27,6,Milk,Dairy,60,5,27,6,26,1,48.42857142857143,50.57142857142857
2026-06-28,6,Milk,Dairy,69,6,28,6,26,1,50.142857142857146,49.92857142857143
2026-06-29,6,Milk,Dairy,45,0,29,6,27,0,50.142857142857146,49.785714285714285
2026-06-30,6,Milk,Dairy,52,1,30,6,27,0,51.0,50.142857142857146
2026-07-01,6,Milk,Dairy,59,2,1,7,27,0,52.42857142857143,51.357142857142854
2026-07-02,6,Milk,Dairy,57,3,2,7,27,0,54.57142857142857,52.42857142857143
2026-07-03,6,Milk,Dairy,41,4,3,7,27,0,54.714285714285715,51.42857142857143
2026-07-04,6,Milk,Dairy,61,5,4,7,27,1,54.857142857142854,51.642857142857146
2026-07-05,6,Milk,Dairy,65,6,5,7,27,1,54.285714285714285,52.214285714285715
2026-07-06,6,Milk,Dairy,51,0,6,7,28,0,55.142857142857146,52.642857142857146
2026-07-07,6,Milk,Dairy,43,1,7,7,28,0,53.857142857142854,52.42857142857143
2026-07-08,6,Milk,Dairy,46,2,8,7,28,0,52.0,52.214285714285715
2026-07-09,6,Milk,Dairy,51,3,9,7,28,0,51.142857142857146,52.857142857142854
2026-07-10,6,Milk,Dairy,48,4,10,7,28,0,52.142857142857146,53.42857142857143
2026-07-11,6,Milk,Dairy,68,5,11,7,28,1,53.142857142857146,54.0
2026-07-12,6,Milk,Dairy,74,6,12,7,28,1,54.42857142857143,54.357142857142854
2026-07-13,6,Milk,Dairy,45,0,13,7,29,0,53.57142857142857,54.357142857142854
2026-07-14,6,Milk,Dairy,44,1,14,7,29,0,53.714285714285715,53.785714285714285
2026-07-15,6,Milk,Dairy,41,2,15,7,29,0,53.0,52.5
2026-07-16,6,Milk,Dairy,50,3,16,7,29,0,52.857142857142854,52.0
2026-07-17,6,Milk,Dairy,56,4,17,7,29,0,54.0,53.07142857142857
2026-07-18,6,Milk,Dairy,60,5,18,7,29,1,52.857142857142854,53.0
2026-07-19,6,Milk,Dairy,62,6,19,7,29,1,51.142857142857146,52.785714285714285
2026-07-20,6,Milk,Dairy,62,0,20,7,30,0,53.57142857142857,53.57142857142857
2026-07-21,6,Milk,Dairy,41,1,21,7,30,0,53.142857142857146,53.42857142857143
2026-07-22,6,Milk,Dairy,49,2,22,7,30,0,54.285714285714285,53.642857142857146
2026-07-23,6,Milk,Dairy,44,3,23,7,30,0,53.42857142857143,53.142857142857146
2026-07-24,6,Milk,Dairy,48,4,24,7,30,0,52.285714285714285,53.142857142857146
2026-07-25,6,Milk,Dairy,63,5,25,7,30,1,52.714285714285715,52.785714285714285
2026-07-26,6,Milk,Dairy,80,6,26,7,30,1,55.285714285714285,53.214285714285715
2026-07-27,6,Milk,Dairy,45,0,27,7,31,0,52.857142857142854,53.214285714285715
2026-07-28,6,Milk,Dairy,45,1,28,7,31,0,53.42857142857143,53.285714285714285
2026-07-29,6,Milk,Dairy,47,2,29,7,31,0,53.142857142857146,53.714285714285715
2026-07-30,6,Milk,Dairy,40,3,30,7,31,0,52.57142857142857,53.0
2026-07-31,6,Milk,Dairy,49,4,31,7,31,0,52.714285714285715,52.5
2025-08-01,7,Curd,Dairy,37,4,1,8,31,0,37.0,37.0
2025-08-02,7,Curd,Dairy,40,5,2,8,31,1,38.5,38.5
2025-08-03,7,Curd,Dairy,41,6,3,8,31,1,39.333333333333336,39.333333333333336
2025-08-04,7,Curd,Dairy,39,0,4,8,32,0,39.25,39.25
2025-08-05,7,Curd,Dairy,36,1,5,8,32,0,38.6,38.6
2025-08-06,7,Curd,Dairy,26,2,6,8,32,0,36.5,36.5
2025-08-07,7,Curd,Dairy,33,3,7,8,32,0,36.0,36.0
2025-08-08,7,Curd,Dairy,32,4,8,8,32,0,35.285714285714285,35.5
2025-08-09,7,Curd,Dairy,33,5,9,8,32,1,34.285714285714285,35.22222222222222
2025-08-10,7,Curd,Dairy,40,6,10,8,32,1,34.142857142857146,35.7
2025-08-11,7,Curd,Dairy,42,0,11,8,33,0,34.57142857142857,36.27272727272727
2025-08-12,7,Curd,Dairy,26,1,12,8,33,0,33.142857142857146,35.416666666666664
2025-08-13,7,Curd,Dairy,34,2,13,8,33,0,34.285714285714285,35.30769230769231
2025-08-14,7,Curd,Dairy,36,3,14,8,33,0,34.714285714285715,35.357142857142854
2025-08-15,7,Curd,Dairy,33,4,15,8,33,0,34.857142857142854,35.07142857142857
2025-08-16,7,Curd,Dairy,31,5,16,8,33,1,34.57142857142857,34.42857142857143
2025-08-17,7,Curd,Dairy,36,6,17,8,33,1,34.0,34.07142857142857
2025-08-18,7,Curd,Dairy,31,0,18,8,34,0,32.42857142857143,33.5
2025-08-19,7,Curd,Dairy,38,1,19,8,34,0,34.142857142857146,33.642857142857146
2025-08-20,7,Curd,Dairy,28,2,20,8,34,0,33.285714285714285,33.785714285714285
2025-08-21,7,Curd,Dairy,28,3,21,8,34,0,32.142857142857146,33.42857142857143
2025-08-22,7,Curd,Dairy,35,4,22,8,34,0,32.42857142857143,33.642857142857146
2025-08-23,7,Curd,Dairy,45,5,23,8,34,1,34.42857142857143,34.5
2025-08-24,7,Curd,Dairy,42,6,24,8,34,1,35.285714285714285,34.642857142857146
2025-08-25,7,Curd,Dairy,42,0,25,8,35,0,36.857142857142854,34.642857142857146
2025-08-26,7,Curd,Dairy,30,1,26,8,35,0,35.714285714285715,34.92857142857143
2025-08-27,7,Curd,Dairy,37,2,27,8,35,0,37.0,35.142857142857146
2025-08-28,7,Curd,Dairy,32,3,28,8,35,0,37.57142857142857,34.857142857142854
2025-08-29,7,Curd,Dairy,26,4,29,8,35,0,36.285714285714285,34.357142857142854
2025-08-30,7,Curd,Dairy,39,5,30,8,35,1,35.42857142857143,34.92857142857143
2025-08-31,7,Curd,Dairy,39,6,31,8,35,1,35.0,35.142857142857146
2025-09-01,7,Curd,Dairy,42,0,1,9,36,0,35.0,35.92857142857143
2025-09-02,7,Curd,Dairy,30,1,2,9,36,0,35.0,35.357142857142854
2025-09-03,7,Curd,Dairy,36,2,3,9,36,0,34.857142857142854,35.92857142857143
2025-09-04,7,Curd,Dairy,29,3,4,9,36,0,34.42857142857143,36.0
2025-09-05,7,Curd,Dairy,36,4,5,9,36,0,35.857142857142854,36.07142857142857
2025-09-06,7,Curd,Dairy,42,5,6,9,36,1,36.285714285714285,35.857142857142854
2025-09-07,7,Curd,Dairy,50,6,7,9,36,1,37.857142857142854,36.42857142857143
2025-09-08,7,Curd,Dairy,40,0,8,9,37,0,37.57142857142857,36.285714285714285
2025-09-09,7,Curd,Dairy,27,1,9,9,37,0,37.142857142857146,36.07142857142857
2025-09-10,7,Curd,Dairy,29,2,10,9,37,0,36.142857142857146,35.5
2025-09-11,7,Curd,Dairy,36,3,11,9,37,0,37.142857142857146,35.785714285714285
2025-09-12,7,Curd,Dairy,25,4,12,9,37,0,35.57142857142857,35.714285714285715
2025-09-13,7,Curd,Dairy,45,5,13,9,37,1,36.0,36.142857142857146
2025-09-14,7,Curd,Dairy,37,6,14,9,37,1,34.142857142857146,36.0
2025-09-15,7,Curd,Dairy,31,0,15,9,38,0,32.857142857142854,35.214285714285715
2025-09-16,7,Curd,Dairy,30,1,16,9,38,0,33.285714285714285,35.214285714285715
2025-09-17,7,Curd,Dairy,29,2,17,9,38,0,33.285714285714285,34.714285714285715
2025-09-18,7,Curd,Dairy,37,3,18,9,38,0,33.42857142857143,35.285714285714285
2025-09-19,7,Curd,Dairy,33,4,19,9,38,0,34.57142857142857,35.07142857142857
2025-09-20,7,Curd,Dairy,32,5,20,9,38,1,32.714285714285715,34.357142857142854
2025-09-21,7,Curd,Dairy,38,6,21,9,38,1,32.857142857142854,33.5
2025-09-22,7,Curd,Dairy,30,0,22,9,39,0,32.714285714285715,32.785714285714285
2025-09-23,7,Curd,Dairy,26,1,23,9,39,0,32.142857142857146,32.714285714285715
2025-09-24,7,Curd,Dairy,31,2,24,9,39,0,32.42857142857143,32.857142857142854
2025-09-25,7,Curd,Dairy,34,3,25,9,39,0,32.0,32.714285714285715
2025-09-26,7,Curd,Dairy,28,4,26,9,39,0,31.285714285714285,32.92857142857143
2025-09-27,7,Curd,Dairy,34,5,27,9,39,1,31.571428571428573,32.142857142857146
2025-09-28,7,Curd,Dairy,42,6,28,9,39,1,32.142857142857146,32.5
2025-09-29,7,Curd,Dairy,40,0,29,9,40,0,33.57142857142857,33.142857142857146
2025-09-30,7,Curd,Dairy,30,1,30,9,40,0,34.142857142857146,33.142857142857146
2025-10-01,7,Curd,Dairy,29,2,1,10,40,0,33.857142857142854,33.142857142857146
2025-10-02,7,Curd,Dairy,30,3,2,10,40,0,33.285714285714285,32.642857142857146
2025-10-03,7,Curd,Dairy,28,4,3,10,40,0,33.285714285714285,32.285714285714285
2025-10-04,7,Curd,Dairy,31,5,4,10,40,1,32.857142857142854,32.214285714285715
2025-10-05,7,Curd,Dairy,52,6,5,10,40,1,34.285714285714285,33.214285714285715
2025-10-06,7,Curd,Dairy,38,0,6,10,41,0,34.0,33.785714285714285
2025-10-07,7,Curd,Dairy,26,1,7,10,41,0,33.42857142857143,33.785714285714285
2025-10-08,7,Curd,Dairy,34,2,8,10,41,0,34.142857142857146,34.0
2025-10-09,7,Curd,Dairy,35,3,9,10,41,0,34.857142857142854,34.07142857142857
2025-10-10,7,Curd,Dairy,26,4,10,10,41,0,34.57142857142857,33.92857142857143
2025-10-11,7,Curd,Dairy,34,5,11,10,41,1,35.0,33.92857142857143
2025-10-12,7,Curd,Dairy,50,6,12,10,41,1,34.714285714285715,34.5
2025-10-13,7,Curd,Dairy,40,0,13,10,42,0,35.0,34.5
2025-10-14,7,Curd,Dairy,25,1,14,10,42,0,34.857142857142854,34.142857142857146
2025-10-15,7,Curd,Dairy,31,2,15,10,42,0,34.42857142857143,34.285714285714285
2025-10-16,7,Curd,Dairy,32,3,16,10,42,0,34.0,34.42857142857143
2025-10-17,7,Curd,Dairy,28,4,17,10,42,0,34.285714285714285,34.42857142857143
2025-10-18,7,Curd,Dairy,45,5,18,10,42,1,35.857142857142854,35.42857142857143
2025-10-19,7,Curd,Dairy,44,6,19,10,42,1,35.0,34.857142857142854
2025-10-20,7,Curd,Dairy,40,0,20,10,43,0,35.0,35.0
2025-10-21,7,Curd,Dairy,36,1,21,10,43,0,36.57142857142857,35.714285714285715
2025-10-22,7,Curd,Dairy,38,2,22,10,43,0,37.57142857142857,36.0
2025-10-23,7,Curd,Dairy,31,3,23,10,43,0,37.42857142857143,35.714285714285715
2025-10-24,7,Curd,Dairy,28,4,24,10,43,0,37.42857142857143,35.857142857142854
2025-10-25,7,Curd,Dairy,39,5,25,10,43,1,36.57142857142857,36.214285714285715
2025-10-26,7,Curd,Dairy,49,6,26,10,43,1,37.285714285714285,36.142857142857146
2025-10-27,7,Curd,Dairy,39,0,27,10,44,0,37.142857142857146,36.07142857142857
2025-10-28,7,Curd,Dairy,34,1,28,10,44,0,36.857142857142854,36.714285714285715
2025-10-29,7,Curd,Dairy,29,2,29,10,44,0,35.57142857142857,36.57142857142857
2025-10-30,7,Curd,Dairy,34,3,30,10,44,0,36.0,36.714285714285715
2025-10-31,7,Curd,Dairy,33,4,31,10,44,0,36.714285714285715,37.07142857142857
2025-11-01,7,Curd,Dairy,35,5,1,11,44,1,36.142857142857146,36.357142857142854
2025-11-02,7,Curd,Dairy,41,6,2,11,44,1,35.0,36.142857142857146
2025-11-03,7,Curd,Dairy,30,0,3,11,45,0,33.714285714285715,35.42857142857143
2025-11-04,7,Curd,Dairy,31,1,4,11,45,0,33.285714285714285,35.07142857142857
2025-11-05,7,Curd,Dairy,32,2,5,11,45,0,33.714285714285715,34.642857142857146
2025-11-06,7,Curd,Dairy,34,3,6,11,45,0,33.714285714285715,34.857142857142854
2025-11-07,7,Curd,Dairy,37,4,7,11,45,0,34.285714285714285,35.5
2025-11-08,7,Curd,Dairy,38,5,8,11,45,1,34.714285714285715,35.42857142857143
2025-11-09,7,Curd,Dairy,44,6,9,11,45,1,35.142857142857146,35.07142857142857
2025-11-10,7,Curd,Dairy,36,0,10,11,46,0,36.0,34.857142857142854
2025-11-11,7,Curd,Dairy,34,1,11,11,46,0,36.42857142857143,34.857142857142854
2025-11-12,7,Curd,Dairy,36,2,12,11,46,0,37.0,35.357142857142854
2025-11-13,7,Curd,Dairy,31,3,13,11,46,0,36.57142857142857,35.142857142857146
2025-11-14,7,Curd,Dairy,30,4,14,11,46,0,35.57142857142857,34.92857142857143
2025-11-15,7,Curd,Dairy,44,5,15,11,46,1,36.42857142857143,35.57142857142857
2025-11-16,7,Curd,Dairy,47,6,16,11,46,1,36.857142857142854,36.0
2025-11-17,7,Curd,Dairy,36,0,17,11,47,0,36.857142857142854,36.42857142857143
2025-11-18,7,Curd,Dairy,27,1,18,11,47,0,35.857142857142854,36.142857142857146
2025-11-19,7,Curd,Dairy,27,2,19,11,47,0,34.57142857142857,35.785714285714285
2025-11-20,7,Curd,Dairy,28,3,20,11,47,0,34.142857142857146,35.357142857142854
2025-11-21,7,Curd,Dairy,38,4,21,11,47,0,35.285714285714285,35.42857142857143
2025-11-22,7,Curd,Dairy,38,5,22,11,47,1,34.42857142857143,35.42857142857143
2025-11-23,7,Curd,Dairy,47,6,23,11,47,1,34.42857142857143,35.642857142857146
2025-11-24,7,Curd,Dairy,34,0,24,11,48,0,34.142857142857146,35.5
2025-11-25,7,Curd,Dairy,32,1,25,11,48,0,34.857142857142854,35.357142857142854
2025-11-26,7,Curd,Dairy,35,2,26,11,48,0,36.0,35.285714285714285
2025-11-27,7,Curd,Dairy,34,3,27,11,48,0,36.857142857142854,35.5
2025-11-28,7,Curd,Dairy,31,4,28,11,48,0,35.857142857142854,35.57142857142857
2025-11-29,7,Curd,Dairy,31,5,29,11,48,1,34.857142857142854,34.642857142857146
2025-11-30,7,Curd,Dairy,40,6,30,11,48,1,33.857142857142854,34.142857142857146
2025-12-01,7,Curd,Dairy,30,0,1,12,49,0,33.285714285714285,33.714285714285715
2025-12-02,7,Curd,Dairy,30,1,2,12,49,0,33.0,33.92857142857143
2025-12-03,7,Curd,Dairy,37,2,3,12,49,0,33.285714285714285,34.642857142857146
2025-12-04,7,Curd,Dairy,28,3,4,12,49,0,32.42857142857143,34.642857142857146
2025-12-05,7,Curd,Dairy,35,4,5,12,49,0,33.0,34.42857142857143
2025-12-06,7,Curd,Dairy,44,5,6,12,49,1,34.857142857142854,34.857142857142854
2025-12-07,7,Curd,Dairy,39,6,7,12,49,1,34.714285714285715,34.285714285714285
2025-12-08,7,Curd,Dairy,30,0,8,12,50,0,34.714285714285715,34.0
2025-12-09,7,Curd,Dairy,26,1,9,12,50,0,34.142857142857146,33.57142857142857
2025-12-10,7,Curd,Dairy,37,2,10,12,50,0,34.142857142857146,33.714285714285715
2025-12-11,7,Curd,Dairy,26,3,11,12,50,0,33.857142857142854,33.142857142857146
2025-12-12,7,Curd,Dairy,32,4,12,12,50,0,33.42857142857143,33.214285714285715
2025-12-13,7,Curd,Dairy,41,5,13,12,50,1,33.0,33.92857142857143
2025-12-14,7,Curd,Dairy,42,6,14,12,50,1,33.42857142857143,34.07142857142857
2025-12-15,7,Curd,Dairy,29,0,15,12,51,0,33.285714285714285,34.0
2025-12-16,7,Curd,Dairy,30,1,16,12,51,0,33.857142857142854,34.0
2025-12-17,7,Curd,Dairy,32,2,17,12,51,0,33.142857142857146,33.642857142857146
2025-12-18,7,Curd,Dairy,32,3,18,12,51,0,34.0,33.92857142857143
2025-12-19,7,Curd,Dairy,37,4,19,12,51,0,34.714285714285715,34.07142857142857
2025-12-20,7,Curd,Dairy,44,5,20,12,51,1,35.142857142857146,34.07142857142857
2025-12-21,7,Curd,Dairy,42,6,21,12,51,1,35.142857142857146,34.285714285714285
2025-12-22,7,Curd,Dairy,30,0,22,12,52,0,35.285714285714285,34.285714285714285
2025-12-23,7,Curd,Dairy,35,1,23,12,52,0,36.0,34.92857142857143
2025-12-24,7,Curd,Dairy,30,2,24,12,52,0,35.714285714285715,34.42857142857143
2025-12-25,7,Curd,Dairy,25,3,25,12,52,0,34.714285714285715,34.357142857142854
2025-12-26,7,Curd,Dairy,26,4,26,12,52,0,33.142857142857146,33.92857142857143
2025-12-27,7,Curd,Dairy,41,5,27,12,52,1,32.714285714285715,33.92857142857143
2025-12-28,7,Curd,Dairy,51,6,28,12,52,1,34.0,34.57142857142857
2025-12-29,7,Curd,Dairy,32,0,29,12,1,0,34.285714285714285,34.785714285714285
2025-12-30,7,Curd,Dairy,34,1,30,12,1,0,34.142857142857146,35.07142857142857
2025-12-31,7,Curd,Dairy,33,2,31,12,1,0,34.57142857142857,35.142857142857146
2026-01-01,7,Curd,Dairy,32,3,1,1,1,0,35.57142857142857,35.142857142857146
2026-01-02,7,Curd,Dairy,29,4,2,1,1,0,36.0,34.57142857142857
2026-01-03,7,Curd,Dairy,31,5,3,1,1,1,34.57142857142857,33.642857142857146
2026-01-04,7,Curd,Dairy,51,6,4,1,1,1,34.57142857142857,34.285714285714285
2026-01-05,7,Curd,Dairy,29,0,5,1,2,0,34.142857142857146,34.214285714285715
2026-01-06,7,Curd,Dairy,31,1,6,1,2,0,33.714285714285715,33.92857142857143
2026-01-07,7,Curd,Dairy,35,2,7,1,2,0,34.0,34.285714285714285
2026-01-08,7,Curd,Dairy,37,3,8,1,2,0,34.714285714285715,35.142857142857146
2026-01-09,7,Curd,Dairy,30,4,9,1,2,0,34.857142857142854,35.42857142857143
2026-01-10,7,Curd,Dairy,43,5,10,1,2,1,36.57142857142857,35.57142857142857
2026-01-11,7,Curd,Dairy,38,6,11,1,2,1,34.714285714285715,34.642857142857146
2026-01-12,7,Curd,Dairy,29,0,12,1,3,0,34.714285714285715,34.42857142857143
2026-01-13,7,Curd,Dairy,30,1,13,1,3,0,34.57142857142857,34.142857142857146
2026-01-14,7,Curd,Dairy,34,2,14,1,3,0,34.42857142857143,34.214285714285715
2026-01-15,7,Curd,Dairy,35,3,15,1,3,0,34.142857142857146,34.42857142857143
2026-01-16,7,Curd,Dairy,30,4,16,1,3,0,34.142857142857146,34.5
2026-01-17,7,Curd,Dairy,44,5,17,1,3,1,34.285714285714285,35.42857142857143
2026-01-18,7,Curd,Dairy,51,6,18,1,3,1,36.142857142857146,35.42857142857143
2026-01-19,7,Curd,Dairy,28,0,19,1,4,0,36.0,35.357142857142854
2026-01-20,7,Curd,Dairy,33,1,20,1,4,0,36.42857142857143,35.5
2026-01-21,7,Curd,Dairy,31,2,21,1,4,0,36.0,35.214285714285715
2026-01-22,7,Curd,Dairy,27,3,22,1,4,0,34.857142857142854,34.5
2026-01-23,7,Curd,Dairy,37,4,23,1,4,0,35.857142857142854,35.0
2026-01-24,7,Curd,Dairy,34,5,24,1,4,1,34.42857142857143,34.357142857142854
2026-01-25,7,Curd,Dairy,52,6,25,1,4,1,34.57142857142857,35.357142857142854
2026-01-26,7,Curd,Dairy,39,0,26,1,5,0,36.142857142857146,36.07142857142857
2026-01-27,7,Curd,Dairy,32,1,27,1,5,0,36.0,36.214285714285715
2026-01-28,7,Curd,Dairy,26,2,28,1,5,0,35.285714285714285,35.642857142857146
2026-01-29,7,Curd,Dairy,32,3,29,1,5,0,36.0,35.42857142857143
2026-01-30,7,Curd,Dairy,36,4,30,1,5,0,35.857142857142854,35.857142857142854
2026-01-31,7,Curd,Dairy,45,5,31,1,5,1,37.42857142857143,35.92857142857143
2026-02-01,7,Curd,Dairy,45,6,1,2,5,1,36.42857142857143,35.5
2026-02-02,7,Curd,Dairy,34,0,2,2,6,0,35.714285714285715,35.92857142857143
2026-02-03,7,Curd,Dairy,38,1,3,2,6,0,36.57142857142857,36.285714285714285
2026-02-04,7,Curd,Dairy,27,2,4,2,6,0,36.714285714285715,36.0
2026-02-05,7,Curd,Dairy,32,3,5,2,6,0,36.714285714285715,36.357142857142854
2026-02-06,7,Curd,Dairy,30,4,6,2,6,0,35.857142857142854,35.857142857142854
2026-02-07,7,Curd,Dairy,34,5,7,2,6,1,34.285714285714285,35.857142857142854
2026-02-08,7,Curd,Dairy,50,6,8,2,6,1,35.0,35.714285714285715
2026-02-09,7,Curd,Dairy,33,0,9,2,7,0,34.857142857142854,35.285714285714285
2026-02-10,7,Curd,Dairy,35,1,10,2,7,0,34.42857142857143,35.5
2026-02-11,7,Curd,Dairy,30,2,11,2,7,0,34.857142857142854,35.785714285714285
2026-02-12,7,Curd,Dairy,32,3,12,2,7,0,34.857142857142854,35.785714285714285
2026-02-13,7,Curd,Dairy,30,4,13,2,7,0,34.857142857142854,35.357142857142854
2026-02-14,7,Curd,Dairy,31,5,14,2,7,1,34.42857142857143,34.357142857142854
2026-02-15,7,Curd,Dairy,51,6,15,2,7,1,34.57142857142857,34.785714285714285
2026-02-16,7,Curd,Dairy,35,0,16,2,8,0,34.857142857142854,34.857142857142854
2026-02-17,7,Curd,Dairy,32,1,17,2,8,0,34.42857142857143,34.42857142857143
2026-02-18,7,Curd,Dairy,30,2,18,2,8,0,34.42857142857143,34.642857142857146
2026-02-19,7,Curd,Dairy,34,3,19,2,8,0,34.714285714285715,34.785714285714285
2026-02-20,7,Curd,Dairy,29,4,20,2,8,0,34.57142857142857,34.714285714285715
2026-02-21,7,Curd,Dairy,35,5,21,2,8,1,35.142857142857146,34.785714285714285
2026-02-22,7,Curd,Dairy,39,6,22,2,8,1,33.42857142857143,34.0
2026-02-23,7,Curd,Dairy,35,0,23,2,9,0,33.42857142857143,34.142857142857146
2026-02-24,7,Curd,Dairy,30,1,24,2,9,0,33.142857142857146,33.785714285714285
2026-02-25,7,Curd,Dairy,31,2,25,2,9,0,33.285714285714285,33.857142857142854
2026-02-26,7,Curd,Dairy,32,3,26,2,9,0,33.0,33.857142857142854
2026-02-27,7,Curd,Dairy,38,4,27,2,9,0,34.285714285714285,34.42857142857143
2026-02-28,7,Curd,Dairy,38,5,28,2,9,1,34.714285714285715,34.92857142857143
2026-03-01,7,Curd,Dairy,41,6,1,3,9,1,35.0,34.214285714285715
2026-03-02,7,Curd,Dairy,35,0,2,3,10,0,35.0,34.214285714285715
2026-03-03,7,Curd,Dairy,35,1,3,3,10,0,35.714285714285715,34.42857142857143
2026-03-04,7,Curd,Dairy,32,2,4,3,10,0,35.857142857142854,34.57142857142857
2026-03-05,7,Curd,Dairy,34,3,5,3,10,0,36.142857142857146,34.57142857142857
2026-03-06,7,Curd,Dairy,30,4,6,3,10,0,35.0,34.642857142857146
2026-03-07,7,Curd,Dairy,35,5,7,3,10,1,34.57142857142857,34.642857142857146
2026-03-08,7,Curd,Dairy,48,6,8,3,10,1,35.57142857142857,35.285714285714285
2026-03-09,7,Curd,Dairy,31,0,9,3,11,0,35.0,35.0
2026-03-10,7,Curd,Dairy,37,1,10,3,11,0,35.285714285714285,35.5
2026-03-11,7,Curd,Dairy,37,2,11,3,11,0,36.0,35.92857142857143
2026-03-12,7,Curd,Dairy,31,3,12,3,11,0,35.57142857142857,35.857142857142854
2026-03-13,7,Curd,Dairy,28,4,13,3,11,0,35.285714285714285,35.142857142857146
2026-03-14,7,Curd,Dairy,42,5,14,3,11,1,36.285714285714285,35.42857142857143
2026-03-15,7,Curd,Dairy,38,6,15,3,11,1,34.857142857142854,35.214285714285715
2026-03-16,7,Curd,Dairy,38,0,16,3,12,0,35.857142857142854,35.42857142857143
2026-03-17,7,Curd,Dairy,30,1,17,3,12,0,34.857142857142854,35.07142857142857
2026-03-18,7,Curd,Dairy,26,2,18,3,12,0,33.285714285714285,34.642857142857146
2026-03-19,7,Curd,Dairy,31,3,19,3,12,0,33.285714285714285,34.42857142857143
2026-03-20,7,Curd,Dairy,35,4,20,3,12,0,34.285714285714285,34.785714285714285
2026-03-21,7,Curd,Dairy,32,5,21,3,12,1,32.857142857142854,34.57142857142857
2026-03-22,7,Curd,Dairy,48,6,22,3,12,1,34.285714285714285,34.57142857142857
2026-03-23,7,Curd,Dairy,29,0,23,3,13,0,33.0,34.42857142857143
2026-03-24,7,Curd,Dairy,37,1,24,3,13,0,34.0,34.42857142857143
2026-03-25,7,Curd,Dairy,30,2,25,3,13,0,34.57142857142857,33.92857142857143
2026-03-26,7,Curd,Dairy,36,3,26,3,13,0,35.285714285714285,34.285714285714285
2026-03-27,7,Curd,Dairy,32,4,27,3,13,0,34.857142857142854,34.57142857142857
2026-03-28,7,Curd,Dairy,32,5,28,3,13,1,34.857142857142854,33.857142857142854
2026-03-29,7,Curd,Dairy,49,6,29,3,13,1,35.0,34.642857142857146
2026-03-30,7,Curd,Dairy,29,0,30,3,14,0,35.0,34.0
2026-03-31,7,Curd,Dairy,35,1,31,3,14,0,34.714285714285715,34.357142857142854
2026-04-01,7,Curd,Dairy,30,2,1,4,14,0,34.714285714285715,34.642857142857146
2026-04-02,7,Curd,Dairy,32,3,2,4,14,0,34.142857142857146,34.714285714285715
2026-04-03,7,Curd,Dairy,32,4,3,4,14,0,34.142857142857146,34.5
2026-04-04,7,Curd,Dairy,43,5,4,4,14,1,35.714285714285715,35.285714285714285
2026-04-05,7,Curd,Dairy,45,6,5,4,14,1,35.142857142857146,35.07142857142857
2026-04-06,7,Curd,Dairy,28,0,6,4,15,0,35.0,35.0
2026-04-07,7,Curd,Dairy,29,1,7,4,15,0,34.142857142857146,34.42857142857143
2026-04-08,7,Curd,Dairy,36,2,8,4,15,0,35.0,34.857142857142854
2026-04-09,7,Curd,Dairy,35,3,9,4,15,0,35.42857142857143,34.785714285714285
2026-04-10,7,Curd,Dairy,29,4,10,4,15,0,35.0,34.57142857142857
2026-04-11,7,Curd,Dairy,34,5,11,4,15,1,33.714285714285715,34.714285714285715
2026-04-12,7,Curd,Dairy,40,6,12,4,15,1,33.0,34.07142857142857
2026-04-13,7,Curd,Dairy,34,0,13,4,16,0,33.857142857142854,34.42857142857143
2026-04-14,7,Curd,Dairy,38,1,14,4,16,0,35.142857142857146,34.642857142857146
2026-04-15,7,Curd,Dairy,30,2,15,4,16,0,34.285714285714285,34.642857142857146
2026-04-16,7,Curd,Dairy,31,3,16,4,16,0,33.714285714285715,34.57142857142857
2026-04-17,7,Curd,Dairy,28,4,17,4,16,0,33.57142857142857,34.285714285714285
2026-04-18,7,Curd,Dairy,38,5,18,4,16,1,34.142857142857146,33.92857142857143
2026-04-19,7,Curd,Dairy,38,6,19,4,16,1,33.857142857142854,33.42857142857143
2026-04-20,7,Curd,Dairy,28,0,20,4,17,0,33.0,33.42857142857143
2026-04-21,7,Curd,Dairy,28,1,21,4,17,0,31.571428571428573,33.357142857142854
2026-04-22,7,Curd,Dairy,31,2,22,4,17,0,31.714285714285715,33.0
2026-04-23,7,Curd,Dairy,25,3,23,4,17,0,30.857142857142858,32.285714285714285
2026-04-24,7,Curd,Dairy,28,4,24,4,17,0,30.857142857142858,32.214285714285715
2026-04-25,7,Curd,Dairy,45,5,25,4,17,1,31.857142857142858,33.0
2026-04-26,7,Curd,Dairy,42,6,26,4,17,1,32.42857142857143,33.142857142857146
2026-04-27,7,Curd,Dairy,36,0,27,4,18,0,33.57142857142857,33.285714285714285
2026-04-28,7,Curd,Dairy,31,1,28,4,18,0,34.0,32.785714285714285
2026-04-29,7,Curd,Dairy,29,2,29,4,18,0,33.714285714285715,32.714285714285715
2026-04-30,7,Curd,Dairy,28,3,30,4,18,0,34.142857142857146,32.5
2026-05-01,7,Curd,Dairy,34,4,1,5,18,0,35.0,32.92857142857143
2026-05-02,7,Curd,Dairy,45,5,2,5,18,1,35.0,33.42857142857143
2026-05-03,7,Curd,Dairy,51,6,3,5,18,1,36.285714285714285,34.357142857142854
2026-05-04,7,Curd,Dairy,29,0,4,5,19,0,35.285714285714285,34.42857142857143
2026-05-05,7,Curd,Dairy,29,1,5,5,19,0,35.0,34.5
2026-05-06,7,Curd,Dairy,25,2,6,5,19,0,34.42857142857143,34.07142857142857
2026-05-07,7,Curd,Dairy,26,3,7,5,19,0,34.142857142857146,34.142857142857146
2026-05-08,7,Curd,Dairy,29,4,8,5,19,0,33.42857142857143,34.214285714285715
2026-05-09,7,Curd,Dairy,34,5,9,5,19,1,31.857142857142858,33.42857142857143
2026-05-10,7,Curd,Dairy,46,6,10,5,19,1,31.142857142857142,33.714285714285715
2026-05-11,7,Curd,Dairy,32,0,11,5,20,0,31.571428571428573,33.42857142857143
2026-05-12,7,Curd,Dairy,31,1,12,5,20,0,31.857142857142858,33.42857142857143
2026-05-13,7,Curd,Dairy,33,2,13,5,20,0,33.0,33.714285714285715
2026-05-14,7,Curd,Dairy,29,3,14,5,20,0,33.42857142857143,33.785714285714285
2026-05-15,7,Curd,Dairy,34,4,15,5,20,0,34.142857142857146,33.785714285714285
2026-05-16,7,Curd,Dairy,44,5,16,5,20,1,35.57142857142857,33.714285714285715
2026-05-17,7,Curd,Dairy,36,6,17,5,20,1,34.142857142857146,32.642857142857146
2026-05-18,7,Curd,Dairy,33,0,18,5,21,0,34.285714285714285,32.92857142857143
2026-05-19,7,Curd,Dairy,33,1,19,5,21,0,34.57142857142857,33.214285714285715
2026-05-20,7,Curd,Dairy,25,2,20,5,21,0,33.42857142857143,33.214285714285715
2026-05-21,7,Curd,Dairy,31,3,21,5,21,0,33.714285714285715,33.57142857142857
2026-05-22,7,Curd,Dairy,35,4,22,5,21,0,33.857142857142854,34.0
2026-05-23,7,Curd,Dairy,33,5,23,5,21,1,32.285714285714285,33.92857142857143
2026-05-24,7,Curd,Dairy,42,6,24,5,21,1,33.142857142857146,33.642857142857146
2026-05-25,7,Curd,Dairy,38,0,25,5,22,0,33.857142857142854,34.07142857142857
2026-05-26,7,Curd,Dairy,28,1,26,5,22,0,33.142857142857146,33.857142857142854
2026-05-27,7,Curd,Dairy,36,2,27,5,22,0,34.714285714285715,34.07142857142857
2026-05-28,7,Curd,Dairy,27,3,28,5,22,0,34.142857142857146,33.92857142857143
2026-05-29,7,Curd,Dairy,27,4,29,5,22,0,33.0,33.42857142857143
2026-05-30,7,Curd,Dairy,35,5,30,5,22,1,33.285714285714285,32.785714285714285
2026-05-31,7,Curd,Dairy,44,6,31,5,22,1,33.57142857142857,33.357142857142854
2026-06-01,7,Curd,Dairy,38,0,1,6,23,0,33.57142857142857,33.714285714285715
2026-06-02,7,Curd,Dairy,32,1,2,6,23,0,34.142857142857146,33.642857142857146
2026-06-03,7,Curd,Dairy,34,2,3,6,23,0,33.857142857142854,34.285714285714285
2026-06-04,7,Curd,Dairy,31,3,4,6,23,0,34.42857142857143,34.285714285714285
2026-06-05,7,Curd,Dairy,33,4,5,6,23,0,35.285714285714285,34.142857142857146
2026-06-06,7,Curd,Dairy,31,5,6,6,23,1,34.714285714285715,34.0
2026-06-07,7,Curd,Dairy,50,6,7,6,23,1,35.57142857142857,34.57142857142857
2026-06-08,7,Curd,Dairy,40,0,8,6,24,0,35.857142857142854,34.714285714285715
2026-06-09,7,Curd,Dairy,31,1,9,6,24,0,35.714285714285715,34.92857142857143
2026-06-10,7,Curd,Dairy,32,2,10,6,24,0,35.42857142857143,34.642857142857146
2026-06-11,7,Curd,Dairy,34,3,11,6,24,0,35.857142857142854,35.142857142857146
2026-06-12,7,Curd,Dairy,31,4,12,6,24,0,35.57142857142857,35.42857142857143
2026-06-13,7,Curd,Dairy,35,5,13,6,24,1,36.142857142857146,35.42857142857143
2026-06-14,7,Curd,Dairy,43,6,14,6,24,1,35.142857142857146,35.357142857142854
2026-06-15,7,Curd,Dairy,41,0,15,6,25,0,35.285714285714285,35.57142857142857
2026-06-16,7,Curd,Dairy,29,1,16,6,25,0,35.0,35.357142857142854
2026-06-17,7,Curd,Dairy,28,2,17,6,25,0,34.42857142857143,34.92857142857143
2026-06-18,7,Curd,Dairy,26,3,18,6,25,0,33.285714285714285,34.57142857142857
2026-06-19,7,Curd,Dairy,35,4,19,6,25,0,33.857142857142854,34.714285714285715
2026-06-20,7,Curd,Dairy,41,5,20,6,25,1,34.714285714285715,35.42857142857143
2026-06-21,7,Curd,Dairy,48,6,21,6,25,1,35.42857142857143,35.285714285714285
2026-06-22,7,Curd,Dairy,35,0,22,6,26,0,34.57142857142857,34.92857142857143
2026-06-23,7,Curd,Dairy,32,1,23,6,26,0,35.0,35.0
2026-06-24,7,Curd,Dairy,27,2,24,6,26,0,34.857142857142854,34.642857142857146
2026-06-25,7,Curd,Dairy,36,3,25,6,26,0,36.285714285714285,34.785714285714285
2026-06-26,7,Curd,Dairy,26,4,26,6,26,0,35.0,34.42857142857143
2026-06-27,7,Curd,Dairy,37,5,27,6,26,1,34.42857142857143,34.57142857142857
2026-06-28,7,Curd,Dairy,38,6,28,6,26,1,33.0,34.214285714285715
2026-06-29,7,Curd,Dairy,37,0,29,6,27,0,33.285714285714285,33.92857142857143
2026-06-30,7,Curd,Dairy,29,1,30,6,27,0,32.857142857142854,33.92857142857143
2026-07-01,7,Curd,Dairy,32,2,1,7,27,0,33.57142857142857,34.214285714285715
2026-07-02,7,Curd,Dairy,35,3,2,7,27,0,33.42857142857143,34.857142857142854
2026-07-03,7,Curd,Dairy,31,4,3,7,27,0,34.142857142857146,34.57142857142857
2026-07-04,7,Curd,Dairy,41,5,4,7,27,1,34.714285714285715,34.57142857142857
2026-07-05,7,Curd,Dairy,37,6,5,7,27,1,34.57142857142857,33.785714285714285
2026-07-06,7,Curd,Dairy,34,0,6,7,28,0,34.142857142857146,33.714285714285715
2026-07-07,7,Curd,Dairy,35,1,7,7,28,0,35.0,33.92857142857143
2026-07-08,7,Curd,Dairy,32,2,8,7,28,0,35.0,34.285714285714285
2026-07-09,7,Curd,Dairy,31,3,9,7,28,0,34.42857142857143,33.92857142857143
2026-07-10,7,Curd,Dairy,28,4,10,7,28,0,34.0,34.07142857142857
2026-07-11,7,Curd,Dairy,41,5,11,7,28,1,34.0,34.357142857142854
2026-07-12,7,Curd,Dairy,36,6,12,7,28,1,33.857142857142854,34.214285714285715
2026-07-13,7,Curd,Dairy,29,0,13,7,29,0,33.142857142857146,33.642857142857146
2026-07-14,7,Curd,Dairy,28,1,14,7,29,0,32.142857142857146,33.57142857142857
2026-07-15,7,Curd,Dairy,28,2,15,7,29,0,31.571428571428573,33.285714285714285
2026-07-16,7,Curd,Dairy,37,3,16,7,29,0,32.42857142857143,33.42857142857143
2026-07-17,7,Curd,Dairy,34,4,17,7,29,0,33.285714285714285,33.642857142857146
2026-07-18,7,Curd,Dairy,41,5,18,7,29,1,33.285714285714285,33.642857142857146
2026-07-19,7,Curd,Dairy,43,6,19,7,29,1,34.285714285714285,34.07142857142857
2026-07-20,7,Curd,Dairy,33,0,20,7,30,0,34.857142857142854,34.0
2026-07-21,7,Curd,Dairy,37,1,21,7,30,0,36.142857142857146,34.142857142857146
2026-07-22,7,Curd,Dairy,27,2,22,7,30,0,36.0,33.785714285714285
2026-07-23,7,Curd,Dairy,27,3,23,7,30,0,34.57142857142857,33.5
2026-07-24,7,Curd,Dairy,32,4,24,7,30,0,34.285714285714285,33.785714285714285
2026-07-25,7,Curd,Dairy,43,5,25,7,30,1,34.57142857142857,33.92857142857143
2026-07-26,7,Curd,Dairy,44,6,26,7,30,1,34.714285714285715,34.5
2026-07-27,7,Curd,Dairy,42,0,27,7,31,0,36.0,35.42857142857143
2026-07-28,7,Curd,Dairy,36,1,28,7,31,0,35.857142857142854,36.0
2026-07-29,7,Curd,Dairy,36,2,29,7,31,0,37.142857142857146,36.57142857142857
2026-07-30,7,Curd,Dairy,34,3,30,7,31,0,38.142857142857146,36.357142857142854
2026-07-31,7,Curd,Dairy,29,4,31,7,31,0,37.714285714285715,36.0
2025-08-01,8,Pulao,Cooked Food,31,4,1,8,31,0,31.0,31.0
2025-08-02,8,Pulao,Cooked Food,46,5,2,8,31,1,38.5,38.5
2025-08-03,8,Pulao,Cooked Food,45,6,3,8,31,1,40.666666666666664,40.666666666666664
2025-08-04,8,Pulao,Cooked Food,45,0,4,8,32,0,41.75,41.75
2025-08-05,8,Pulao,Cooked Food,39,1,5,8,32,0,41.2,41.2
2025-08-06,8,Pulao,Cooked Food,34,2,6,8,32,0,40.0,40.0
2025-08-07,8,Pulao,Cooked Food,39,3,7,8,32,0,39.857142857142854,39.857142857142854
2025-08-08,8,Pulao,Cooked Food,40,4,8,8,32,0,41.142857142857146,39.875
2025-08-09,8,Pulao,Cooked Food,53,5,9,8,32,1,42.142857142857146,41.333333333333336
2025-08-10,8,Pulao,Cooked Food,47,6,10,8,32,1,42.42857142857143,41.9
2025-08-11,8,Pulao,Cooked Food,41,0,11,8,33,0,41.857142857142854,41.81818181818182
2025-08-12,8,Pulao,Cooked Food,36,1,12,8,33,0,41.42857142857143,41.333333333333336
2025-08-13,8,Pulao,Cooked Food,38,2,13,8,33,0,42.0,41.07692307692308
2025-08-14,8,Pulao,Cooked Food,34,3,14,8,33,0,41.285714285714285,40.57142857142857
2025-08-15,8,Pulao,Cooked Food,32,4,15,8,33,0,40.142857142857146,40.642857142857146
2025-08-16,8,Pulao,Cooked Food,53,5,16,8,33,1,40.142857142857146,41.142857142857146
2025-08-17,8,Pulao,Cooked Food,52,6,17,8,33,1,40.857142857142854,41.642857142857146
2025-08-18,8,Pulao,Cooked Food,48,0,18,8,34,0,41.857142857142854,41.857142857142854
2025-08-19,8,Pulao,Cooked Food,40,1,19,8,34,0,42.42857142857143,41.92857142857143
2025-08-20,8,Pulao,Cooked Food,33,2,20,8,34,0,41.714285714285715,41.857142857142854
2025-08-21,8,Pulao,Cooked Food,40,3,21,8,34,0,42.57142857142857,41.92857142857143
2025-08-22,8,Pulao,Cooked Food,33,4,22,8,34,0,42.714285714285715,41.42857142857143
2025-08-23,8,Pulao,Cooked Food,38,5,23,8,34,1,40.57142857142857,40.357142857142854
2025-08-24,8,Pulao,Cooked Food,47,6,24,8,34,1,39.857142857142854,40.357142857142854
2025-08-25,8,Pulao,Cooked Food,47,0,25,8,35,0,39.714285714285715,40.785714285714285
2025-08-26,8,Pulao,Cooked Food,31,1,26,8,35,0,38.42857142857143,40.42857142857143
2025-08-27,8,Pulao,Cooked Food,45,2,27,8,35,0,40.142857142857146,40.92857142857143
2025-08-28,8,Pulao,Cooked Food,41,3,28,8,35,0,40.285714285714285,41.42857142857143
2025-08-29,8,Pulao,Cooked Food,33,4,29,8,35,0,40.285714285714285,41.5
2025-08-30,8,Pulao,Cooked Food,47,5,30,8,35,1,41.57142857142857,41.07142857142857
2025-08-31,8,Pulao,Cooked Food,50,6,31,8,35,1,42.0,40.92857142857143
2025-09-01,8,Pulao,Cooked Food,50,0,1,9,36,0,42.42857142857143,41.07142857142857
2025-09-02,8,Pulao,Cooked Food,32,1,2,9,36,0,42.57142857142857,40.5
2025-09-03,8,Pulao,Cooked Food,34,2,3,9,36,0,41.0,40.57142857142857
2025-09-04,8,Pulao,Cooked Food,39,3,4,9,36,0,40.714285714285715,40.5
2025-09-05,8,Pulao,Cooked Food,31,4,5,9,36,0,40.42857142857143,40.357142857142854
2025-09-06,8,Pulao,Cooked Food,46,5,6,9,36,1,40.285714285714285,40.92857142857143
2025-09-07,8,Pulao,Cooked Food,54,6,7,9,36,1,40.857142857142854,41.42857142857143
2025-09-08,8,Pulao,Cooked Food,36,0,8,9,37,0,38.857142857142854,40.642857142857146
2025-09-09,8,Pulao,Cooked Food,44,1,9,9,37,0,40.57142857142857,41.57142857142857
2025-09-10,8,Pulao,Cooked Food,44,2,10,9,37,0,42.0,41.5
2025-09-11,8,Pulao,Cooked Food,43,3,11,9,37,0,42.57142857142857,41.642857142857146
2025-09-12,8,Pulao,Cooked Food,33,4,12,9,37,0,42.857142857142854,41.642857142857146
2025-09-13,8,Pulao,Cooked Food,46,5,13,9,37,1,42.857142857142854,41.57142857142857
2025-09-14,8,Pulao,Cooked Food,51,6,14,9,37,1,42.42857142857143,41.642857142857146
2025-09-15,8,Pulao,Cooked Food,45,0,15,9,38,0,43.714285714285715,41.285714285714285
2025-09-16,8,Pulao,Cooked Food,31,1,16,9,38,0,41.857142857142854,41.214285714285715
2025-09-17,8,Pulao,Cooked Food,36,2,17,9,38,0,40.714285714285715,41.357142857142854
2025-09-18,8,Pulao,Cooked Food,39,3,18,9,38,0,40.142857142857146,41.357142857142854
2025-09-19,8,Pulao,Cooked Food,37,4,19,9,38,0,40.714285714285715,41.785714285714285
2025-09-20,8,Pulao,Cooked Food,45,5,20,9,38,1,40.57142857142857,41.714285714285715
2025-09-21,8,Pulao,Cooked Food,42,6,21,9,38,1,39.285714285714285,40.857142857142854
2025-09-22,8,Pulao,Cooked Food,45,0,22,9,39,0,39.285714285714285,41.5
2025-09-23,8,Pulao,Cooked Food,36,1,23,9,39,0,40.0,40.92857142857143
2025-09-24,8,Pulao,Cooked Food,42,2,24,9,39,0,40.857142857142854,40.785714285714285
2025-09-25,8,Pulao,Cooked Food,38,3,25,9,39,0,40.714285714285715,40.42857142857143
2025-09-26,8,Pulao,Cooked Food,40,4,26,9,39,0,41.142857142857146,40.92857142857143
2025-09-27,8,Pulao,Cooked Food,42,5,27,9,39,1,40.714285714285715,40.642857142857146
2025-09-28,8,Pulao,Cooked Food,53,6,28,9,39,1,42.285714285714285,40.785714285714285
2025-09-29,8,Pulao,Cooked Food,46,0,29,9,40,0,42.42857142857143,40.857142857142854
2025-09-30,8,Pulao,Cooked Food,41,1,30,9,40,0,43.142857142857146,41.57142857142857
2025-10-01,8,Pulao,Cooked Food,40,2,1,10,40,0,42.857142857142854,41.857142857142854
2025-10-02,8,Pulao,Cooked Food,38,3,2,10,40,0,42.857142857142854,41.785714285714285
2025-10-03,8,Pulao,Cooked Food,35,4,3,10,40,0,42.142857142857146,41.642857142857146
2025-10-04,8,Pulao,Cooked Food,46,5,4,10,40,1,42.714285714285715,41.714285714285715
2025-10-05,8,Pulao,Cooked Food,46,6,5,10,40,1,41.714285714285715,42.0
2025-10-06,8,Pulao,Cooked Food,46,0,6,10,41,0,41.714285714285715,42.07142857142857
2025-10-07,8,Pulao,Cooked Food,30,1,7,10,41,0,40.142857142857146,41.642857142857146
2025-10-08,8,Pulao,Cooked Food,39,2,8,10,41,0,40.0,41.42857142857143
2025-10-09,8,Pulao,Cooked Food,35,3,9,10,41,0,39.57142857142857,41.214285714285715
2025-10-10,8,Pulao,Cooked Food,45,4,10,10,41,0,41.0,41.57142857142857
2025-10-11,8,Pulao,Cooked Food,51,5,11,10,41,1,41.714285714285715,42.214285714285715
2025-10-12,8,Pulao,Cooked Food,43,6,12,10,41,1,41.285714285714285,41.5
2025-10-13,8,Pulao,Cooked Food,36,0,13,10,42,0,39.857142857142854,40.785714285714285
2025-10-14,8,Pulao,Cooked Food,44,1,14,10,42,0,41.857142857142854,41.0
2025-10-15,8,Pulao,Cooked Food,42,2,15,10,42,0,42.285714285714285,41.142857142857146
2025-10-16,8,Pulao,Cooked Food,36,3,16,10,42,0,42.42857142857143,41.0
2025-10-17,8,Pulao,Cooked Food,32,4,17,10,42,0,40.57142857142857,40.785714285714285
2025-10-18,8,Pulao,Cooked Food,46,5,18,10,42,1,39.857142857142854,40.785714285714285
2025-10-19,8,Pulao,Cooked Food,47,6,19,10,42,1,40.42857142857143,40.857142857142854
2025-10-20,8,Pulao,Cooked Food,43,0,20,10,43,0,41.42857142857143,40.642857142857146
2025-10-21,8,Pulao,Cooked Food,36,1,21,10,43,0,40.285714285714285,41.07142857142857
2025-10-22,8,Pulao,Cooked Food,32,2,22,10,43,0,38.857142857142854,40.57142857142857
2025-10-23,8,Pulao,Cooked Food,43,3,23,10,43,0,39.857142857142854,41.142857142857146
2025-10-24,8,Pulao,Cooked Food,33,4,24,10,43,0,40.0,40.285714285714285
2025-10-25,8,Pulao,Cooked Food,41,5,25,10,43,1,39.285714285714285,39.57142857142857
2025-10-26,8,Pulao,Cooked Food,55,6,26,10,43,1,40.42857142857143,40.42857142857143
2025-10-27,8,Pulao,Cooked Food,34,0,27,10,44,0,39.142857142857146,40.285714285714285
2025-10-28,8,Pulao,Cooked Food,41,1,28,10,44,0,39.857142857142854,40.07142857142857
2025-10-29,8,Pulao,Cooked Food,34,2,29,10,44,0,40.142857142857146,39.5
2025-10-30,8,Pulao,Cooked Food,34,3,30,10,44,0,38.857142857142854,39.357142857142854
2025-10-31,8,Pulao,Cooked Food,40,4,31,10,44,0,39.857142857142854,39.92857142857143
2025-11-01,8,Pulao,Cooked Food,49,5,1,11,44,1,41.0,40.142857142857146
2025-11-02,8,Pulao,Cooked Food,62,6,2,11,44,1,42.0,41.214285714285715
2025-11-03,8,Pulao,Cooked Food,39,0,3,11,45,0,42.714285714285715,40.92857142857143
2025-11-04,8,Pulao,Cooked Food,41,1,4,11,45,0,42.714285714285715,41.285714285714285
2025-11-05,8,Pulao,Cooked Food,31,2,5,11,45,0,42.285714285714285,41.214285714285715
2025-11-06,8,Pulao,Cooked Food,38,3,6,11,45,0,42.857142857142854,40.857142857142854
2025-11-07,8,Pulao,Cooked Food,38,4,7,11,45,0,42.57142857142857,41.214285714285715
2025-11-08,8,Pulao,Cooked Food,51,5,8,11,45,1,42.857142857142854,41.92857142857143
2025-11-09,8,Pulao,Cooked Food,49,6,9,11,45,1,41.0,41.5
2025-11-10,8,Pulao,Cooked Food,37,0,10,11,46,0,40.714285714285715,41.714285714285715
2025-11-11,8,Pulao,Cooked Food,42,1,11,11,46,0,40.857142857142854,41.785714285714285
2025-11-12,8,Pulao,Cooked Food,37,2,12,11,46,0,41.714285714285715,42.0
2025-11-13,8,Pulao,Cooked Food,45,3,13,11,46,0,42.714285714285715,42.785714285714285
2025-11-14,8,Pulao,Cooked Food,35,4,14,11,46,0,42.285714285714285,42.42857142857143
2025-11-15,8,Pulao,Cooked Food,54,5,15,11,46,1,42.714285714285715,42.785714285714285
2025-11-16,8,Pulao,Cooked Food,60,6,16,11,46,1,44.285714285714285,42.642857142857146
2025-11-17,8,Pulao,Cooked Food,46,0,17,11,47,0,45.57142857142857,43.142857142857146
2025-11-18,8,Pulao,Cooked Food,37,1,18,11,47,0,44.857142857142854,42.857142857142854
2025-11-19,8,Pulao,Cooked Food,37,2,19,11,47,0,44.857142857142854,43.285714285714285
2025-11-20,8,Pulao,Cooked Food,36,3,20,11,47,0,43.57142857142857,43.142857142857146
2025-11-21,8,Pulao,Cooked Food,40,4,21,11,47,0,44.285714285714285,43.285714285714285
2025-11-22,8,Pulao,Cooked Food,52,5,22,11,47,1,44.0,43.357142857142854
2025-11-23,8,Pulao,Cooked Food,57,6,23,11,47,1,43.57142857142857,43.92857142857143
2025-11-24,8,Pulao,Cooked Food,43,0,24,11,48,0,43.142857142857146,44.357142857142854
2025-11-25,8,Pulao,Cooked Food,45,1,25,11,48,0,44.285714285714285,44.57142857142857
2025-11-26,8,Pulao,Cooked Food,41,2,26,11,48,0,44.857142857142854,44.857142857142854
2025-11-27,8,Pulao,Cooked Food,45,3,27,11,48,0,46.142857142857146,44.857142857142854
2025-11-28,8,Pulao,Cooked Food,40,4,28,11,48,0,46.142857142857146,45.214285714285715
2025-11-29,8,Pulao,Cooked Food,52,5,29,11,48,1,46.142857142857146,45.07142857142857
2025-11-30,8,Pulao,Cooked Food,50,6,30,11,48,1,45.142857142857146,44.357142857142854
2025-12-01,8,Pulao,Cooked Food,41,0,1,12,49,0,44.857142857142854,44.0
2025-12-02,8,Pulao,Cooked Food,31,1,2,12,49,0,42.857142857142854,43.57142857142857
2025-12-03,8,Pulao,Cooked Food,43,2,3,12,49,0,43.142857142857146,44.0
2025-12-04,8,Pulao,Cooked Food,32,3,4,12,49,0,41.285714285714285,43.714285714285715
2025-12-05,8,Pulao,Cooked Food,34,4,5,12,49,0,40.42857142857143,43.285714285714285
2025-12-06,8,Pulao,Cooked Food,42,5,6,12,49,1,39.0,42.57142857142857
2025-12-07,8,Pulao,Cooked Food,45,6,7,12,49,1,38.285714285714285,41.714285714285715
2025-12-08,8,Pulao,Cooked Food,34,0,8,12,50,0,37.285714285714285,41.07142857142857
2025-12-09,8,Pulao,Cooked Food,38,1,9,12,50,0,38.285714285714285,40.57142857142857
2025-12-10,8,Pulao,Cooked Food,31,2,10,12,50,0,36.57142857142857,39.857142857142854
2025-12-11,8,Pulao,Cooked Food,39,3,11,12,50,0,37.57142857142857,39.42857142857143
2025-12-12,8,Pulao,Cooked Food,37,4,12,12,50,0,38.0,39.214285714285715
2025-12-13,8,Pulao,Cooked Food,40,5,13,12,50,1,37.714285714285715,38.357142857142854
2025-12-14,8,Pulao,Cooked Food,55,6,14,12,50,1,39.142857142857146,38.714285714285715
2025-12-15,8,Pulao,Cooked Food,45,0,15,12,51,0,40.714285714285715,39.0
2025-12-16,8,Pulao,Cooked Food,40,1,16,12,51,0,41.0,39.642857142857146
2025-12-17,8,Pulao,Cooked Food,33,2,17,12,51,0,41.285714285714285,38.92857142857143
2025-12-18,8,Pulao,Cooked Food,42,3,18,12,51,0,41.714285714285715,39.642857142857146
2025-12-19,8,Pulao,Cooked Food,43,4,19,12,51,0,42.57142857142857,40.285714285714285
2025-12-20,8,Pulao,Cooked Food,46,5,20,12,51,1,43.42857142857143,40.57142857142857
2025-12-21,8,Pulao,Cooked Food,49,6,21,12,51,1,42.57142857142857,40.857142857142854
2025-12-22,8,Pulao,Cooked Food,43,0,22,12,52,0,42.285714285714285,41.5
2025-12-23,8,Pulao,Cooked Food,32,1,23,12,52,0,41.142857142857146,41.07142857142857
2025-12-24,8,Pulao,Cooked Food,39,2,24,12,52,0,42.0,41.642857142857146
2025-12-25,8,Pulao,Cooked Food,41,3,25,12,52,0,41.857142857142854,41.785714285714285
2025-12-26,8,Pulao,Cooked Food,43,4,26,12,52,0,41.857142857142854,42.214285714285715
2025-12-27,8,Pulao,Cooked Food,44,5,27,12,52,1,41.57142857142857,42.5
2025-12-28,8,Pulao,Cooked Food,43,6,28,12,52,1,40.714285714285715,41.642857142857146
2025-12-29,8,Pulao,Cooked Food,39,0,29,12,1,0,40.142857142857146,41.214285714285715
2025-12-30,8,Pulao,Cooked Food,42,1,30,12,1,0,41.57142857142857,41.357142857142854
2025-12-31,8,Pulao,Cooked Food,33,2,31,12,1,0,40.714285714285715,41.357142857142854
2026-01-01,8,Pulao,Cooked Food,40,3,1,1,1,0,40.57142857142857,41.214285714285715
2026-01-02,8,Pulao,Cooked Food,34,4,2,1,1,0,39.285714285714285,40.57142857142857
2026-01-03,8,Pulao,Cooked Food,52,5,3,1,1,1,40.42857142857143,41.0
2026-01-04,8,Pulao,Cooked Food,51,6,4,1,1,1,41.57142857142857,41.142857142857146
2026-01-05,8,Pulao,Cooked Food,48,0,5,1,2,0,42.857142857142854,41.5
2026-01-06,8,Pulao,Cooked Food,38,1,6,1,2,0,42.285714285714285,41.92857142857143
2026-01-07,8,Pulao,Cooked Food,40,2,7,1,2,0,43.285714285714285,42.0
2026-01-08,8,Pulao,Cooked Food,43,3,8,1,2,0,43.714285714285715,42.142857142857146
2026-01-09,8,Pulao,Cooked Food,39,4,9,1,2,0,44.42857142857143,41.857142857142854
2026-01-10,8,Pulao,Cooked Food,49,5,10,1,2,1,44.0,42.214285714285715
2026-01-11,8,Pulao,Cooked Food,46,6,11,1,2,1,43.285714285714285,42.42857142857143
2026-01-12,8,Pulao,Cooked Food,46,0,12,1,3,0,43.0,42.92857142857143
2026-01-13,8,Pulao,Cooked Food,32,1,13,1,3,0,42.142857142857146,42.214285714285715
2026-01-14,8,Pulao,Cooked Food,34,2,14,1,3,0,41.285714285714285,42.285714285714285
2026-01-15,8,Pulao,Cooked Food,37,3,15,1,3,0,40.42857142857143,42.07142857142857
2026-01-16,8,Pulao,Cooked Food,38,4,16,1,3,0,40.285714285714285,42.357142857142854
2026-01-17,8,Pulao,Cooked Food,46,5,17,1,3,1,39.857142857142854,41.92857142857143
2026-01-18,8,Pulao,Cooked Food,45,6,18,1,3,1,39.714285714285715,41.5
2026-01-19,8,Pulao,Cooked Food,41,0,19,1,4,0,39.0,41.0
2026-01-20,8,Pulao,Cooked Food,42,1,20,1,4,0,40.42857142857143,41.285714285714285
2026-01-21,8,Pulao,Cooked Food,30,2,21,1,4,0,39.857142857142854,40.57142857142857
2026-01-22,8,Pulao,Cooked Food,34,3,22,1,4,0,39.42857142857143,39.92857142857143
2026-01-23,8,Pulao,Cooked Food,39,4,23,1,4,0,39.57142857142857,39.92857142857143
2026-01-24,8,Pulao,Cooked Food,44,5,24,1,4,1,39.285714285714285,39.57142857142857
2026-01-25,8,Pulao,Cooked Food,53,6,25,1,4,1,40.42857142857143,40.07142857142857
2026-01-26,8,Pulao,Cooked Food,39,0,26,1,5,0,40.142857142857146,39.57142857142857
2026-01-27,8,Pulao,Cooked Food,42,1,27,1,5,0,40.142857142857146,40.285714285714285
2026-01-28,8,Pulao,Cooked Food,42,2,28,1,5,0,41.857142857142854,40.857142857142854
2026-01-29,8,Pulao,Cooked Food,45,3,29,1,5,0,43.42857142857143,41.42857142857143
2026-01-30,8,Pulao,Cooked Food,35,4,30,1,5,0,42.857142857142854,41.214285714285715
2026-01-31,8,Pulao,Cooked Food,45,5,31,1,5,1,43.0,41.142857142857146
2026-02-01,8,Pulao,Cooked Food,59,6,1,2,5,1,43.857142857142854,42.142857142857146
2026-02-02,8,Pulao,Cooked Food,44,0,2,2,6,0,44.57142857142857,42.357142857142854
2026-02-03,8,Pulao,Cooked Food,44,1,3,2,6,0,44.857142857142854,42.5
2026-02-04,8,Pulao,Cooked Food,39,2,4,2,6,0,44.42857142857143,43.142857142857146
2026-02-05,8,Pulao,Cooked Food,39,3,5,2,6,0,43.57142857142857,43.5
2026-02-06,8,Pulao,Cooked Food,40,4,6,2,6,0,44.285714285714285,43.57142857142857
2026-02-07,8,Pulao,Cooked Food,41,5,7,2,6,1,43.714285714285715,43.357142857142854
2026-02-08,8,Pulao,Cooked Food,51,6,8,2,6,1,42.57142857142857,43.214285714285715
2026-02-09,8,Pulao,Cooked Food,34,0,9,2,7,0,41.142857142857146,42.857142857142854
2026-02-10,8,Pulao,Cooked Food,38,1,10,2,7,0,40.285714285714285,42.57142857142857
2026-02-11,8,Pulao,Cooked Food,42,2,11,2,7,0,40.714285714285715,42.57142857142857
2026-02-12,8,Pulao,Cooked Food,42,3,12,2,7,0,41.142857142857146,42.357142857142854
2026-02-13,8,Pulao,Cooked Food,43,4,13,2,7,0,41.57142857142857,42.92857142857143
2026-02-14,8,Pulao,Cooked Food,38,5,14,2,7,1,41.142857142857146,42.42857142857143
2026-02-15,8,Pulao,Cooked Food,59,6,15,2,7,1,42.285714285714285,42.42857142857143
2026-02-16,8,Pulao,Cooked Food,36,0,16,2,8,0,42.57142857142857,41.857142857142854
2026-02-17,8,Pulao,Cooked Food,42,1,17,2,8,0,43.142857142857146,41.714285714285715
2026-02-18,8,Pulao,Cooked Food,40,2,18,2,8,0,42.857142857142854,41.785714285714285
2026-02-19,8,Pulao,Cooked Food,34,3,19,2,8,0,41.714285714285715,41.42857142857143
2026-02-20,8,Pulao,Cooked Food,41,4,20,2,8,0,41.42857142857143,41.5
2026-02-21,8,Pulao,Cooked Food,44,5,21,2,8,1,42.285714285714285,41.714285714285715
2026-02-22,8,Pulao,Cooked Food,60,6,22,2,8,1,42.42857142857143,42.357142857142854
2026-02-23,8,Pulao,Cooked Food,41,0,23,2,9,0,43.142857142857146,42.857142857142854
2026-02-24,8,Pulao,Cooked Food,31,1,24,2,9,0,41.57142857142857,42.357142857142854
2026-02-25,8,Pulao,Cooked Food,43,2,25,2,9,0,42.0,42.42857142857143
2026-02-26,8,Pulao,Cooked Food,31,3,26,2,9,0,41.57142857142857,41.642857142857146
2026-02-27,8,Pulao,Cooked Food,36,4,27,2,9,0,40.857142857142854,41.142857142857146
2026-02-28,8,Pulao,Cooked Food,37,5,28,2,9,1,39.857142857142854,41.07142857142857
2026-03-01,8,Pulao,Cooked Food,54,6,1,3,9,1,39.0,40.714285714285715
2026-03-02,8,Pulao,Cooked Food,45,0,2,3,10,0,39.57142857142857,41.357142857142854
2026-03-03,8,Pulao,Cooked Food,41,1,3,3,10,0,41.0,41.285714285714285
2026-03-04,8,Pulao,Cooked Food,41,2,4,3,10,0,40.714285714285715,41.357142857142854
2026-03-05,8,Pulao,Cooked Food,30,3,5,3,10,0,40.57142857142857,41.07142857142857
2026-03-06,8,Pulao,Cooked Food,42,4,6,3,10,0,41.42857142857143,41.142857142857146
2026-03-07,8,Pulao,Cooked Food,48,5,7,3,10,1,43.0,41.42857142857143
2026-03-08,8,Pulao,Cooked Food,57,6,8,3,10,1,43.42857142857143,41.214285714285715
2026-03-09,8,Pulao,Cooked Food,49,0,9,3,11,0,44.0,41.785714285714285
2026-03-10,8,Pulao,Cooked Food,42,1,10,3,11,0,44.142857142857146,42.57142857142857
2026-03-11,8,Pulao,Cooked Food,42,2,11,3,11,0,44.285714285714285,42.5
2026-03-12,8,Pulao,Cooked Food,33,3,12,3,11,0,44.714285714285715,42.642857142857146
2026-03-13,8,Pulao,Cooked Food,40,4,13,3,11,0,44.42857142857143,42.92857142857143
2026-03-14,8,Pulao,Cooked Food,36,5,14,3,11,1,42.714285714285715,42.857142857142854
2026-03-15,8,Pulao,Cooked Food,62,6,15,3,11,1,43.42857142857143,43.42857142857143
2026-03-16,8,Pulao,Cooked Food,49,0,16,3,12,0,43.42857142857143,43.714285714285715
2026-03-17,8,Pulao,Cooked Food,37,1,17,3,12,0,42.714285714285715,43.42857142857143
2026-03-18,8,Pulao,Cooked Food,45,2,18,3,12,0,43.142857142857146,43.714285714285715
2026-03-19,8,Pulao,Cooked Food,33,3,19,3,12,0,43.142857142857146,43.92857142857143
2026-03-20,8,Pulao,Cooked Food,39,4,20,3,12,0,43.0,43.714285714285715
2026-03-21,8,Pulao,Cooked Food,48,5,21,3,12,1,44.714285714285715,43.714285714285715
2026-03-22,8,Pulao,Cooked Food,61,6,22,3,12,1,44.57142857142857,44.0
2026-03-23,8,Pulao,Cooked Food,38,0,23,3,13,0,43.0,43.214285714285715
2026-03-24,8,Pulao,Cooked Food,34,1,24,3,13,0,42.57142857142857,42.642857142857146
2026-03-25,8,Pulao,Cooked Food,38,2,25,3,13,0,41.57142857142857,42.357142857142854
2026-03-26,8,Pulao,Cooked Food,31,3,26,3,13,0,41.285714285714285,42.214285714285715
2026-03-27,8,Pulao,Cooked Food,39,4,27,3,13,0,41.285714285714285,42.142857142857146
2026-03-28,8,Pulao,Cooked Food,45,5,28,3,13,1,40.857142857142854,42.785714285714285
2026-03-29,8,Pulao,Cooked Food,57,6,29,3,13,1,40.285714285714285,42.42857142857143
2026-03-30,8,Pulao,Cooked Food,50,0,30,3,14,0,42.0,42.5
2026-03-31,8,Pulao,Cooked Food,45,1,31,3,14,0,43.57142857142857,43.07142857142857
2026-04-01,8,Pulao,Cooked Food,40,2,1,4,14,0,43.857142857142854,42.714285714285715
2026-04-02,8,Pulao,Cooked Food,41,3,2,4,14,0,45.285714285714285,43.285714285714285
2026-04-03,8,Pulao,Cooked Food,42,4,3,4,14,0,45.714285714285715,43.5
2026-04-04,8,Pulao,Cooked Food,44,5,4,4,14,1,45.57142857142857,43.214285714285715
2026-04-05,8,Pulao,Cooked Food,56,6,5,4,14,1,45.42857142857143,42.857142857142854
2026-04-06,8,Pulao,Cooked Food,41,0,6,4,15,0,44.142857142857146,43.07142857142857
2026-04-07,8,Pulao,Cooked Food,34,1,7,4,15,0,42.57142857142857,43.07142857142857
2026-04-08,8,Pulao,Cooked Food,44,2,8,4,15,0,43.142857142857146,43.5
2026-04-09,8,Pulao,Cooked Food,35,3,9,4,15,0,42.285714285714285,43.785714285714285
2026-04-10,8,Pulao,Cooked Food,41,4,10,4,15,0,42.142857142857146,43.92857142857143
2026-04-11,8,Pulao,Cooked Food,40,5,11,4,15,1,41.57142857142857,43.57142857142857
2026-04-12,8,Pulao,Cooked Food,56,6,12,4,15,1,41.57142857142857,43.5
2026-04-13,8,Pulao,Cooked Food,47,0,13,4,16,0,42.42857142857143,43.285714285714285
2026-04-14,8,Pulao,Cooked Food,37,1,14,4,16,0,42.857142857142854,42.714285714285715
2026-04-15,8,Pulao,Cooked Food,38,2,15,4,16,0,42.0,42.57142857142857
2026-04-16,8,Pulao,Cooked Food,43,3,16,4,16,0,43.142857142857146,42.714285714285715
2026-04-17,8,Pulao,Cooked Food,44,4,17,4,16,0,43.57142857142857,42.857142857142854
2026-04-18,8,Pulao,Cooked Food,48,5,18,4,16,1,44.714285714285715,43.142857142857146
2026-04-19,8,Pulao,Cooked Food,58,6,19,4,16,1,45.0,43.285714285714285
2026-04-20,8,Pulao,Cooked Food,34,0,20,4,17,0,43.142857142857146,42.785714285714285
2026-04-21,8,Pulao,Cooked Food,41,1,21,4,17,0,43.714285714285715,43.285714285714285
2026-04-22,8,Pulao,Cooked Food,37,2,22,4,17,0,43.57142857142857,42.785714285714285
2026-04-23,8,Pulao,Cooked Food,42,3,23,4,17,0,43.42857142857143,43.285714285714285
2026-04-24,8,Pulao,Cooked Food,38,4,24,4,17,0,42.57142857142857,43.07142857142857
2026-04-25,8,Pulao,Cooked Food,40,5,25,4,17,1,41.42857142857143,43.07142857142857
2026-04-26,8,Pulao,Cooked Food,53,6,26,4,17,1,40.714285714285715,42.857142857142854
2026-04-27,8,Pulao,Cooked Food,47,0,27,4,18,0,42.57142857142857,42.857142857142854
2026-04-28,8,Pulao,Cooked Food,31,1,28,4,18,0,41.142857142857146,42.42857142857143
2026-04-29,8,Pulao,Cooked Food,45,2,29,4,18,0,42.285714285714285,42.92857142857143
2026-04-30,8,Pulao,Cooked Food,43,3,30,4,18,0,42.42857142857143,42.92857142857143
2026-05-01,8,Pulao,Cooked Food,38,4,1,5,18,0,42.42857142857143,42.5
2026-05-02,8,Pulao,Cooked Food,43,5,2,5,18,1,42.857142857142854,42.142857142857146
2026-05-03,8,Pulao,Cooked Food,51,6,3,5,18,1,42.57142857142857,41.642857142857146
2026-05-04,8,Pulao,Cooked Food,36,0,4,5,19,0,41.0,41.785714285714285
2026-05-05,8,Pulao,Cooked Food,35,1,5,5,19,0,41.57142857142857,41.357142857142854
2026-05-06,8,Pulao,Cooked Food,35,2,6,5,19,0,40.142857142857146,41.214285714285715
2026-05-07,8,Pulao,Cooked Food,44,3,7,5,19,0,40.285714285714285,41.357142857142854
2026-05-08,8,Pulao,Cooked Food,37,4,8,5,19,0,40.142857142857146,41.285714285714285
2026-05-09,8,Pulao,Cooked Food,47,5,9,5,19,1,40.714285714285715,41.785714285714285
2026-05-10,8,Pulao,Cooked Food,58,6,10,5,19,1,41.714285714285715,42.142857142857146
2026-05-11,8,Pulao,Cooked Food,49,0,11,5,20,0,43.57142857142857,42.285714285714285
2026-05-12,8,Pulao,Cooked Food,39,1,12,5,20,0,44.142857142857146,42.857142857142854
2026-05-13,8,Pulao,Cooked Food,38,2,13,5,20,0,44.57142857142857,42.357142857142854
2026-05-14,8,Pulao,Cooked Food,40,3,14,5,20,0,44.0,42.142857142857146
2026-05-15,8,Pulao,Cooked Food,41,4,15,5,20,0,44.57142857142857,42.357142857142854
2026-05-16,8,Pulao,Cooked Food,49,5,16,5,20,1,44.857142857142854,42.785714285714285
2026-05-17,8,Pulao,Cooked Food,58,6,17,5,20,1,44.857142857142854,43.285714285714285
2026-05-18,8,Pulao,Cooked Food,46,0,18,5,21,0,44.42857142857143,44.0
2026-05-19,8,Pulao,Cooked Food,39,1,19,5,21,0,44.42857142857143,44.285714285714285
2026-05-20,8,Pulao,Cooked Food,31,2,20,5,21,0,43.42857142857143,44.0
2026-05-21,8,Pulao,Cooked Food,33,3,21,5,21,0,42.42857142857143,43.214285714285715
2026-05-22,8,Pulao,Cooked Food,32,4,22,5,21,0,41.142857142857146,42.857142857142854
2026-05-23,8,Pulao,Cooked Food,39,5,23,5,21,1,39.714285714285715,42.285714285714285
2026-05-24,8,Pulao,Cooked Food,42,6,24,5,21,1,37.42857142857143,41.142857142857146
2026-05-25,8,Pulao,Cooked Food,46,0,25,5,22,0,37.42857142857143,40.92857142857143
2026-05-26,8,Pulao,Cooked Food,43,1,26,5,22,0,38.0,41.214285714285715
2026-05-27,8,Pulao,Cooked Food,39,2,27,5,22,0,39.142857142857146,41.285714285714285
2026-05-28,8,Pulao,Cooked Food,35,3,28,5,22,0,39.42857142857143,40.92857142857143
2026-05-29,8,Pulao,Cooked Food,40,4,29,5,22,0,40.57142857142857,40.857142857142854
2026-05-30,8,Pulao,Cooked Food,44,5,30,5,22,1,41.285714285714285,40.5
2026-05-31,8,Pulao,Cooked Food,52,6,31,5,22,1,42.714285714285715,40.07142857142857
2026-06-01,8,Pulao,Cooked Food,38,0,1,6,23,0,41.57142857142857,39.5
2026-06-02,8,Pulao,Cooked Food,32,1,2,6,23,0,40.0,39.0
2026-06-03,8,Pulao,Cooked Food,38,2,3,6,23,0,39.857142857142854,39.5
2026-06-04,8,Pulao,Cooked Food,35,3,4,6,23,0,39.857142857142854,39.642857142857146
2026-06-05,8,Pulao,Cooked Food,35,4,5,6,23,0,39.142857142857146,39.857142857142854
2026-06-06,8,Pulao,Cooked Food,42,5,6,6,23,1,38.857142857142854,40.07142857142857
2026-06-07,8,Pulao,Cooked Food,62,6,7,6,23,1,40.285714285714285,41.5
2026-06-08,8,Pulao,Cooked Food,35,0,8,6,24,0,39.857142857142854,40.714285714285715
2026-06-09,8,Pulao,Cooked Food,39,1,9,6,24,0,40.857142857142854,40.42857142857143
2026-06-10,8,Pulao,Cooked Food,34,2,10,6,24,0,40.285714285714285,40.07142857142857
2026-06-11,8,Pulao,Cooked Food,41,3,11,6,24,0,41.142857142857146,40.5
2026-06-12,8,Pulao,Cooked Food,33,4,12,6,24,0,40.857142857142854,40.0
2026-06-13,8,Pulao,Cooked Food,48,5,13,6,24,1,41.714285714285715,40.285714285714285
2026-06-14,8,Pulao,Cooked Food,41,6,14,6,24,1,38.714285714285715,39.5
2026-06-15,8,Pulao,Cooked Food,38,0,15,6,25,0,39.142857142857146,39.5
2026-06-16,8,Pulao,Cooked Food,41,1,16,6,25,0,39.42857142857143,40.142857142857146
2026-06-17,8,Pulao,Cooked Food,40,2,17,6,25,0,40.285714285714285,40.285714285714285
2026-06-18,8,Pulao,Cooked Food,36,3,18,6,25,0,39.57142857142857,40.357142857142854
2026-06-19,8,Pulao,Cooked Food,32,4,19,6,25,0,39.42857142857143,40.142857142857146
2026-06-20,8,Pulao,Cooked Food,47,5,20,6,25,1,39.285714285714285,40.5
2026-06-21,8,Pulao,Cooked Food,54,6,21,6,25,1,41.142857142857146,39.92857142857143
2026-06-22,8,Pulao,Cooked Food,43,0,22,6,26,0,41.857142857142854,40.5
2026-06-23,8,Pulao,Cooked Food,38,1,23,6,26,0,41.42857142857143,40.42857142857143
2026-06-24,8,Pulao,Cooked Food,37,2,24,6,26,0,41.0,40.642857142857146
2026-06-25,8,Pulao,Cooked Food,39,3,25,6,26,0,41.42857142857143,40.5
2026-06-26,8,Pulao,Cooked Food,34,4,26,6,26,0,41.714285714285715,40.57142857142857
2026-06-27,8,Pulao,Cooked Food,49,5,27,6,26,1,42.0,40.642857142857146
2026-06-28,8,Pulao,Cooked Food,58,6,28,6,26,1,42.57142857142857,41.857142857142854
2026-06-29,8,Pulao,Cooked Food,45,0,29,6,27,0,42.857142857142854,42.357142857142854
2026-06-30,8,Pulao,Cooked Food,41,1,30,6,27,0,43.285714285714285,42.357142857142854
2026-07-01,8,Pulao,Cooked Food,42,2,1,7,27,0,44.0,42.5
2026-07-02,8,Pulao,Cooked Food,30,3,2,7,27,0,42.714285714285715,42.07142857142857
2026-07-03,8,Pulao,Cooked Food,35,4,3,7,27,0,42.857142857142854,42.285714285714285
2026-07-04,8,Pulao,Cooked Food,40,5,4,7,27,1,41.57142857142857,41.785714285714285
2026-07-05,8,Pulao,Cooked Food,61,6,5,7,27,1,42.0,42.285714285714285
2026-07-06,8,Pulao,Cooked Food,45,0,6,7,28,0,42.0,42.42857142857143
2026-07-07,8,Pulao,Cooked Food,45,1,7,7,28,0,42.57142857142857,42.92857142857143
2026-07-08,8,Pulao,Cooked Food,30,2,8,7,28,0,40.857142857142854,42.42857142857143
2026-07-09,8,Pulao,Cooked Food,42,3,9,7,28,0,42.57142857142857,42.642857142857146
2026-07-10,8,Pulao,Cooked Food,35,4,10,7,28,0,42.57142857142857,42.714285714285715
2026-07-11,8,Pulao,Cooked Food,38,5,11,7,28,1,42.285714285714285,41.92857142857143
2026-07-12,8,Pulao,Cooked Food,61,6,12,7,28,1,42.285714285714285,42.142857142857146
2026-07-13,8,Pulao,Cooked Food,35,0,13,7,29,0,40.857142857142854,41.42857142857143
2026-07-14,8,Pulao,Cooked Food,35,1,14,7,29,0,39.42857142857143,41.0
2026-07-15,8,Pulao,Cooked Food,42,2,15,7,29,0,41.142857142857146,41.0
2026-07-16,8,Pulao,Cooked Food,33,3,16,7,29,0,39.857142857142854,41.214285714285715
2026-07-17,8,Pulao,Cooked Food,31,4,17,7,29,0,39.285714285714285,40.92857142857143
2026-07-18,8,Pulao,Cooked Food,41,5,18,7,29,1,39.714285714285715,41.0
2026-07-19,8,Pulao,Cooked Food,58,6,19,7,29,1,39.285714285714285,40.785714285714285
2026-07-20,8,Pulao,Cooked Food,43,0,20,7,30,0,40.42857142857143,40.642857142857146
2026-07-21,8,Pulao,Cooked Food,37,1,21,7,30,0,40.714285714285715,40.07142857142857
2026-07-22,8,Pulao,Cooked Food,39,2,22,7,30,0,40.285714285714285,40.714285714285715
2026-07-23,8,Pulao,Cooked Food,34,3,23,7,30,0,40.42857142857143,40.142857142857146
2026-07-24,8,Pulao,Cooked Food,31,4,24,7,30,0,40.42857142857143,39.857142857142854
2026-07-25,8,Pulao,Cooked Food,50,5,25,7,30,1,41.714285714285715,40.714285714285715
2026-07-26,8,Pulao,Cooked Food,50,6,26,7,30,1,40.57142857142857,39.92857142857143
2026-07-27,8,Pulao,Cooked Food,42,0,27,7,31,0,40.42857142857143,40.42857142857143
2026-07-28,8,Pulao,Cooked Food,44,1,28,7,31,0,41.42857142857143,41.07142857142857
2026-07-29,8,Pulao,Cooked Food,43,2,29,7,31,0,42.0,41.142857142857146
2026-07-30,8,Pulao,Cooked Food,44,3,30,7,31,0,43.42857142857143,41.92857142857143
2026-07-31,8,Pulao,Cooked Food,37,4,31,7,31,0,44.285714285714285,42.357142857142854
